<?xml version = '1.0' encoding = 'UTF-8'?>
<relationalModel class="oracle.dbtools.crest.model.design.relational.RelationalDesign" name="Relational_1" id="4613A227-EBB3-0C07-B487-262494F1A52B" mainViewID="2C6409E5-FFD5-59B7-3D53-CDF37B6B18AC">
<createdBy>DREAMFYRE 5</createdBy>
<createdTime>2024-09-24 00:06:49 UTC</createdTime>
<ownerDesignName>DB sistema monitoreo escolar</ownerDesignName>
<shouldBeOpen>false</shouldBeOpen>
<selectedRDBMSSite>32076570-2523-435C-2E92-BF29817DFF70</selectedRDBMSSite>
</relationalModel>