<?xml version = '1.0' encoding = 'UTF-8'?>
<Diagram class="oracle.dbtools.crest.swingui.logical.DPVLogical" name="Logical" id="A198D342-5BCD-781B-4083-EF651AAF5847">
<createdBy>DREAMFYRE 5</createdBy>
<modifiedBy>DREAMFYRE 5</modifiedBy>
<createdTime>2024-09-24 00:07:07 UTC</createdTime>
<autoRoute>false</autoRoute>
<boxInbox>true</boxInbox>
<showLegend>false</showLegend>
<showLabels>false</showLabels>
<showRelAttributes>false</showRelAttributes>
<gridEnabled>false</gridEnabled>
<showGrid>false</showGrid>
<diagramColor>-1</diagramColor>
<display>false</display>
<notation>1</notation>
<objectViews>
<OView class="oracle.dbtools.crest.swingui.logical.TVEntity" oid="05240C15-4613-55C9-C5CD-5E93661EA6C6" otype="Entity" vid="48A9219D-49CF-EE2B-A1D3-73250B0571C9">
<hideElementsInCurrentOnly>false</hideElementsInCurrentOnly>
<bounds x="223" y="511" width="144" height="98"/>
</OView>
<OView class="oracle.dbtools.crest.swingui.logical.TVEntity" oid="1843DDF3-E663-19CC-3DD9-640F5FE58B00" otype="Entity" vid="A559A4F1-DB82-95A8-013F-B9C2B0372D8F">
<hideElementsInCurrentOnly>false</hideElementsInCurrentOnly>
<bounds x="920" y="662" width="146" height="125"/>
</OView>
<OView class="oracle.dbtools.crest.swingui.logical.TVEntity" oid="62510D1B-F51A-70F9-6E55-314BA32D6F59" otype="Entity" vid="B638AB20-86D4-15CB-72B4-3410D1E837B4">
<hideElementsInCurrentOnly>false</hideElementsInCurrentOnly>
<bounds x="1099" y="230" width="144" height="110"/>
</OView>
<OView class="oracle.dbtools.crest.swingui.logical.TVEntity" oid="6A40953B-B182-2F7F-9DD6-2893D891E9EB" otype="Entity" vid="43DEC0A7-5983-74A1-352C-D8B52AC9EFD0">
<hideElementsInCurrentOnly>false</hideElementsInCurrentOnly>
<bounds x="120" y="277" width="144" height="145"/>
</OView>
<OView class="oracle.dbtools.crest.swingui.logical.TVEntity" oid="8E4AE870-2CDB-4999-5CA3-BB565CBED9CA" otype="Entity" vid="F75FF0AF-F060-E613-9BF8-6B649346D97E">
<hideElementsInCurrentOnly>false</hideElementsInCurrentOnly>
<bounds x="3" y="507" width="144" height="144"/>
</OView>
<OView class="oracle.dbtools.crest.swingui.logical.TVEntity" oid="A477651A-6E8C-C78E-C244-58C1E066CCC2" otype="Entity" vid="B0AE2AD4-411D-4302-E053-F60003C4F1CF">
<hideElementsInCurrentOnly>false</hideElementsInCurrentOnly>
<bounds x="1025" y="110" width="119" height="83"/>
</OView>
<OView class="oracle.dbtools.crest.swingui.logical.TVEntity" oid="AAE06E84-3E87-7655-72E9-8876C465AE8A" otype="Entity" vid="12FD985D-81EE-DBEF-7F23-9BE67FB98BA7">
<hideElementsInCurrentOnly>false</hideElementsInCurrentOnly>
<bounds x="479" y="374" width="296" height="246"/>
</OView>
<OView class="oracle.dbtools.crest.swingui.logical.TVEntity" oid="AFC60891-3070-0A39-CB38-57C17FB5844A" otype="Entity" vid="ECDE2B10-CC35-DE68-033A-38D72615A6D6">
<hideElementsInCurrentOnly>false</hideElementsInCurrentOnly>
<bounds x="629" y="34" width="170" height="112"/>
</OView>
<OView class="oracle.dbtools.crest.swingui.logical.TVEntity" oid="BD2D0C65-7DB0-48F9-322C-0F91397923D8" otype="Entity" vid="2B587485-2AC8-6604-B97C-13870A307C5C">
<hideElementsInCurrentOnly>false</hideElementsInCurrentOnly>
<bounds x="823" y="325" width="113" height="96"/>
</OView>
<OView class="oracle.dbtools.crest.swingui.logical.TVEntity" oid="C2435CD6-5F63-D832-7753-FACF4BA51834" otype="Entity" vid="A6FEE3A1-072A-7DC9-551B-3E5666E4DB36">
<hideElementsInCurrentOnly>false</hideElementsInCurrentOnly>
<bounds x="331" y="36" width="170" height="143"/>
</OView>
<OView class="oracle.dbtools.crest.swingui.logical.TVEntity" oid="D342CD56-CE1C-3CD9-9559-1970FF89FC7B" otype="Entity" vid="1C1C18E4-D614-1A70-BD29-51414C3445B2">
<hideElementsInCurrentOnly>false</hideElementsInCurrentOnly>
<bounds x="1286" y="331" width="137" height="153"/>
</OView>
<OView class="oracle.dbtools.crest.swingui.logical.TVEntity" oid="DAE8FDA3-3DFB-C37D-EEEE-5DBF441C4657" otype="Entity" vid="F0541A18-5BED-2334-16F3-9879C0CE562E">
<hideElementsInCurrentOnly>false</hideElementsInCurrentOnly>
<bounds x="823" y="169" width="145" height="137"/>
</OView>
<OView class="oracle.dbtools.crest.swingui.logical.TVEntity" oid="ECCD510B-0EF5-FF8F-442F-A54957047C01" otype="Entity" vid="34F6513E-1FBB-5A5F-FA7F-3FA4B7862FCB">
<hideElementsInCurrentOnly>false</hideElementsInCurrentOnly>
<bounds x="1256" y="40" width="127" height="98"/>
</OView>
<OView class="oracle.dbtools.crest.swingui.logical.TVEntity" oid="F399BAAE-3492-9306-BDD2-02529FA97AFA" otype="Entity" vid="49BD591E-2DBE-CE05-05AA-D473382F0201">
<hideElementsInCurrentOnly>false</hideElementsInCurrentOnly>
<bounds x="1162" y="761" width="136" height="138"/>
</OView>
<OView class="oracle.dbtools.crest.swingui.logical.TVEntity" oid="FCDD4D91-5034-0144-5DA4-08B3D37D965B" otype="Entity" vid="A3AFCB39-FE5C-6DA0-77C0-E95D7AC292EE">
<hideElementsInCurrentOnly>false</hideElementsInCurrentOnly>
<bounds x="1003" y="445" width="170" height="142"/>
</OView>
<OView class="oracle.dbtools.crest.swingui.logical.TVEntity" oid="FD289B5B-D84D-9155-49BD-EC130B665573" otype="Entity" vid="5BFF1BB5-AB03-7FCE-3F07-7EFE3B8C3D3E">
<hideElementsInCurrentOnly>false</hideElementsInCurrentOnly>
<bounds x="101" y="760" width="155" height="137"/>
</OView>
</objectViews>
<connectors>
<Connector class="oracle.dbtools.crest.swingui.logical.TVRelation" oid="02360F4C-0DA4-BDD2-2DE9-5CFC7F147A70" otype="Relation" vid_source="ECDE2B10-CC35-DE68-033A-38D72615A6D6" vid_target="B0AE2AD4-411D-4302-E053-F60003C4F1CF">
<hideElementsInCurrentOnly>false</hideElementsInCurrentOnly>
<backgroundColor>-16777216</backgroundColor>
<lineWidth>1</lineWidth>
<points>
<point x="799" y="143"/>
<point x="1025" y="143"/>
</points>
</Connector>
<Connector class="oracle.dbtools.crest.swingui.logical.TVRelation" oid="0439C334-50A0-1CD1-A492-39C77466C43D" otype="Relation" vid_source="F0541A18-5BED-2334-16F3-9879C0CE562E" vid_target="B638AB20-86D4-15CB-72B4-3410D1E837B4">
<hideElementsInCurrentOnly>false</hideElementsInCurrentOnly>
<backgroundColor>-16777216</backgroundColor>
<lineWidth>1</lineWidth>
<points>
<point x="968" y="283"/>
<point x="1099" y="283"/>
</points>
</Connector>
<Connector class="oracle.dbtools.crest.swingui.logical.TVRelation" oid="1C9E477E-566A-C236-CF04-9BD2DA60C7F2" otype="Relation" vid_source="12FD985D-81EE-DBEF-7F23-9BE67FB98BA7" vid_target="2B587485-2AC8-6604-B97C-13870A307C5C">
<hideElementsInCurrentOnly>false</hideElementsInCurrentOnly>
<backgroundColor>-16777216</backgroundColor>
<lineWidth>1</lineWidth>
<points>
<point x="775" y="397"/>
<point x="823" y="397"/>
</points>
</Connector>
<Connector class="oracle.dbtools.crest.swingui.logical.TVRelation" oid="38D58C03-F548-B969-B0A3-738D5BFA4D8F" otype="Relation" vid_source="49BD591E-2DBE-CE05-05AA-D473382F0201" vid_target="5BFF1BB5-AB03-7FCE-3F07-7EFE3B8C3D3E">
<hideElementsInCurrentOnly>false</hideElementsInCurrentOnly>
<backgroundColor>-16777216</backgroundColor>
<lineWidth>1</lineWidth>
<points>
<point x="1162" y="829"/>
<point x="256" y="829"/>
</points>
</Connector>
<Connector class="oracle.dbtools.crest.swingui.logical.TVRelation" oid="3F37EDB7-F530-8661-C863-1701CEAFCD0D" otype="Relation" vid_source="12FD985D-81EE-DBEF-7F23-9BE67FB98BA7" vid_target="ECDE2B10-CC35-DE68-033A-38D72615A6D6">
<hideElementsInCurrentOnly>false</hideElementsInCurrentOnly>
<backgroundColor>-16777216</backgroundColor>
<lineWidth>1</lineWidth>
<points>
<point x="702" y="374"/>
<point x="702" y="146"/>
</points>
</Connector>
<Connector class="oracle.dbtools.crest.swingui.logical.TVRelation" oid="57B42F1E-D7DE-41DC-59F7-F9DF8D5F8731" otype="Relation" vid_source="5BFF1BB5-AB03-7FCE-3F07-7EFE3B8C3D3E" vid_target="43DEC0A7-5983-74A1-352C-D8B52AC9EFD0">
<hideElementsInCurrentOnly>false</hideElementsInCurrentOnly>
<backgroundColor>-16777216</backgroundColor>
<lineWidth>1</lineWidth>
<points>
<point x="203" y="760"/>
<point x="203" y="422"/>
</points>
</Connector>
<Connector class="oracle.dbtools.crest.swingui.logical.TVRelation" oid="61B28554-D9E6-D81C-FF0D-487705A1E017" otype="Relation" vid_source="34F6513E-1FBB-5A5F-FA7F-3FA4B7862FCB" vid_target="1C1C18E4-D614-1A70-BD29-51414C3445B2">
<hideElementsInCurrentOnly>false</hideElementsInCurrentOnly>
<backgroundColor>-16777216</backgroundColor>
<lineWidth>1</lineWidth>
<points>
<point x="1334" y="138"/>
<point x="1334" y="331"/>
</points>
</Connector>
<Connector class="oracle.dbtools.crest.swingui.logical.TVRelation" oid="7EB13469-C072-A714-068C-6B1879DC5EE2" otype="Relation" vid_source="49BD591E-2DBE-CE05-05AA-D473382F0201" vid_target="A3AFCB39-FE5C-6DA0-77C0-E95D7AC292EE">
<hideElementsInCurrentOnly>false</hideElementsInCurrentOnly>
<backgroundColor>-16777216</backgroundColor>
<lineWidth>1</lineWidth>
<points>
<point x="1167" y="761"/>
<point x="1167" y="587"/>
</points>
</Connector>
<Connector class="oracle.dbtools.crest.swingui.logical.TVRelation" oid="8131890C-DF2F-AC8B-BCE8-A6381EC39042" otype="Relation" vid_source="F0541A18-5BED-2334-16F3-9879C0CE562E" vid_target="2B587485-2AC8-6604-B97C-13870A307C5C">
<hideElementsInCurrentOnly>false</hideElementsInCurrentOnly>
<backgroundColor>-16777216</backgroundColor>
<lineWidth>1</lineWidth>
<points>
<point x="879" y="306"/>
<point x="879" y="325"/>
</points>
</Connector>
<Connector class="oracle.dbtools.crest.swingui.logical.TVRelation" oid="869E0887-305C-5C4D-74DC-663927FF2959" otype="Relation" vid_source="12FD985D-81EE-DBEF-7F23-9BE67FB98BA7" vid_target="A6FEE3A1-072A-7DC9-551B-3E5666E4DB36">
<hideElementsInCurrentOnly>false</hideElementsInCurrentOnly>
<backgroundColor>-16777216</backgroundColor>
<lineWidth>1</lineWidth>
<points>
<point x="490" y="374"/>
<point x="490" y="179"/>
</points>
</Connector>
<Connector class="oracle.dbtools.crest.swingui.logical.TVRelation" oid="889D08A2-1FAB-7813-8ED2-1D77DB088D0D" otype="Relation" vid_source="12FD985D-81EE-DBEF-7F23-9BE67FB98BA7" vid_target="48A9219D-49CF-EE2B-A1D3-73250B0571C9">
<hideElementsInCurrentOnly>false</hideElementsInCurrentOnly>
<backgroundColor>-16777216</backgroundColor>
<lineWidth>1</lineWidth>
<points>
<point x="479" y="560"/>
<point x="367" y="560"/>
</points>
</Connector>
<Connector class="oracle.dbtools.crest.swingui.logical.TVRelation" oid="8F4F261B-B11B-1C48-CA3F-BDA7C9CAD078" otype="Relation" vid_source="F0541A18-5BED-2334-16F3-9879C0CE562E" vid_target="B0AE2AD4-411D-4302-E053-F60003C4F1CF">
<hideElementsInCurrentOnly>false</hideElementsInCurrentOnly>
<backgroundColor>-16777216</backgroundColor>
<lineWidth>1</lineWidth>
<points>
<point x="968" y="181"/>
<point x="1025" y="181"/>
</points>
</Connector>
<Connector class="oracle.dbtools.crest.swingui.logical.TVRelation" oid="9CD5D4A2-E3A9-1B41-4AF1-5A35143D4A33" otype="Relation" vid_source="A559A4F1-DB82-95A8-013F-B9C2B0372D8F" vid_target="A3AFCB39-FE5C-6DA0-77C0-E95D7AC292EE">
<hideElementsInCurrentOnly>false</hideElementsInCurrentOnly>
<backgroundColor>-16777216</backgroundColor>
<lineWidth>1</lineWidth>
<points>
<point x="1034" y="662"/>
<point x="1034" y="587"/>
</points>
</Connector>
<Connector class="oracle.dbtools.crest.swingui.logical.TVRelation" oid="A9702355-418B-F972-8A9B-F378F69A6DE1" otype="Relation" vid_source="43DEC0A7-5983-74A1-352C-D8B52AC9EFD0" vid_target="48A9219D-49CF-EE2B-A1D3-73250B0571C9">
<hideElementsInCurrentOnly>false</hideElementsInCurrentOnly>
<backgroundColor>-16777216</backgroundColor>
<lineWidth>1</lineWidth>
<points>
<point x="243" y="422"/>
<point x="243" y="511"/>
</points>
</Connector>
<Connector class="oracle.dbtools.crest.swingui.logical.TVRelation" oid="ABF770D0-F950-4A92-C5FE-D27F59D1F662" otype="Relation" vid_source="34F6513E-1FBB-5A5F-FA7F-3FA4B7862FCB" vid_target="B0AE2AD4-411D-4302-E053-F60003C4F1CF">
<hideElementsInCurrentOnly>false</hideElementsInCurrentOnly>
<backgroundColor>-16777216</backgroundColor>
<lineWidth>1</lineWidth>
<points>
<point x="1256" y="124"/>
<point x="1144" y="124"/>
</points>
</Connector>
<Connector class="oracle.dbtools.crest.swingui.logical.TVRelation" oid="CD9D8254-AA5F-778B-312F-40894DA193C9" otype="Relation" vid_source="12FD985D-81EE-DBEF-7F23-9BE67FB98BA7" vid_target="A3AFCB39-FE5C-6DA0-77C0-E95D7AC292EE">
<hideElementsInCurrentOnly>false</hideElementsInCurrentOnly>
<backgroundColor>-16777216</backgroundColor>
<lineWidth>1</lineWidth>
<points>
<point x="775" y="516"/>
<point x="1003" y="516"/>
</points>
</Connector>
<Connector class="oracle.dbtools.crest.swingui.logical.TVRelation" oid="DE9C11DC-77EA-26D5-B622-957A028872D2" otype="Relation" vid_source="49BD591E-2DBE-CE05-05AA-D473382F0201" vid_target="1C1C18E4-D614-1A70-BD29-51414C3445B2">
<hideElementsInCurrentOnly>false</hideElementsInCurrentOnly>
<backgroundColor>-16777216</backgroundColor>
<lineWidth>1</lineWidth>
<points>
<point x="1292" y="761"/>
<point x="1292" y="484"/>
</points>
</Connector>
<Connector class="oracle.dbtools.crest.swingui.logical.TVRelation" oid="E4B02436-CCF7-E927-E3D8-E0B49CC12499" otype="Relation" vid_source="F75FF0AF-F060-E613-9BF8-6B649346D97E" vid_target="5BFF1BB5-AB03-7FCE-3F07-7EFE3B8C3D3E">
<hideElementsInCurrentOnly>false</hideElementsInCurrentOnly>
<backgroundColor>-16777216</backgroundColor>
<lineWidth>1</lineWidth>
<points>
<point x="124" y="651"/>
<point x="124" y="760"/>
</points>
</Connector>
<Connector class="oracle.dbtools.crest.swingui.logical.TVRelation" oid="F5A0EF8D-CC7C-C5E3-102E-A1074CBD8DBF" otype="Relation" vid_source="49BD591E-2DBE-CE05-05AA-D473382F0201" vid_target="B638AB20-86D4-15CB-72B4-3410D1E837B4">
<hideElementsInCurrentOnly>false</hideElementsInCurrentOnly>
<backgroundColor>-16777216</backgroundColor>
<lineWidth>1</lineWidth>
<points>
<point x="1217" y="761"/>
<point x="1217" y="340"/>
</points>
</Connector>
</connectors>
</Diagram>