<?xml version = '1.0' encoding = 'UTF-8'?>
<Entity class="oracle.dbtools.crest.model.design.logical.Entity" directorySegmentName="seg_0" id="05240C15-4613-55C9-C5CD-5E93661EA6C6" name="Apoderado_alumno">
<createdBy>DREAMFYRE 5</createdBy>
<createdTime>2024-09-25 03:43:16 UTC</createdTime>
<ownerDesignName>DB sistema monitoreo escolar</ownerDesignName>
<engineerTo>
<item key="4613A227-EBB3-0C07-B487-262494F1A52B" value="true"/>
</engineerTo>
<adequatelyNormalized>NO</adequatelyNormalized>
<expectedVolumes>0</expectedVolumes>
<fwdEngineeringStrategyName>Single Table</fwdEngineeringStrategyName>
<growthPercent>0</growthPercent>
<growthType>Year</growthType>
<maxVolumes>9999999</maxVolumes>
<minVolumes>0</minVolumes>
<normalForm>Third</normalForm>
<attributes itemClass="oracle.dbtools.crest.model.design.logical.Attribute">
<Attribute name="rut_apoderado" id="C1AA7CA0-C831-ADB8-2522-3D0DD26280DB">
<createdBy>DREAMFYRE 5</createdBy>
<createdTime>2024-09-25 03:43:34 UTC</createdTime>
<generatorID>A9702355-418B-F972-8A9B-F378F69A6DE1</generatorID>
<ownerDesignName>DB sistema monitoreo escolar</ownerDesignName>
<engineerTo>
<item key="4613A227-EBB3-0C07-B487-262494F1A52B" value="true"/>
</engineerTo>
<referedAttribute>BD75E7B1-BAA9-3290-855F-8CF7780837C5</referedAttribute>
<useDomainConstraints>false</useDomainConstraints>
<use>1</use>
<logicalDatatype>LOGDT011</logicalDatatype>
<ownDataTypeParameters>,,</ownDataTypeParameters>
</Attribute>
<Attribute name="rut_alumno" id="52BA1B84-C22C-9E53-AD06-7BD41997F2E0">
<createdBy>DREAMFYRE 5</createdBy>
<createdTime>2024-09-25 03:43:39 UTC</createdTime>
<generatorID>889D08A2-1FAB-7813-8ED2-1D77DB088D0D</generatorID>
<ownerDesignName>DB sistema monitoreo escolar</ownerDesignName>
<engineerTo>
<item key="4613A227-EBB3-0C07-B487-262494F1A52B" value="true"/>
</engineerTo>
<referedAttribute>200F5911-1C55-F58C-1682-6CC163AE6BBA</referedAttribute>
<useDomainConstraints>false</useDomainConstraints>
<use>1</use>
<logicalDatatype>LOGDT011</logicalDatatype>
<ownDataTypeParameters>,,</ownDataTypeParameters>
</Attribute>
</attributes>
</Entity>