<?xml version = '1.0' encoding = 'UTF-8'?>
<Entity class="oracle.dbtools.crest.model.design.logical.Entity" directorySegmentName="seg_0" id="62510D1B-F51A-70F9-6E55-314BA32D6F59" name="Profesor_asignado">
<createdBy>DREAMFYRE 5</createdBy>
<createdTime>2024-09-25 03:37:46 UTC</createdTime>
<ownerDesignName>DB sistema monitoreo escolar</ownerDesignName>
<engineerTo>
<item key="4613A227-EBB3-0C07-B487-262494F1A52B" value="true"/>
</engineerTo>
<adequatelyNormalized>NO</adequatelyNormalized>
<expectedVolumes>0</expectedVolumes>
<fwdEngineeringStrategyName>Single Table</fwdEngineeringStrategyName>
<growthPercent>0</growthPercent>
<growthType>Year</growthType>
<maxVolumes>9999999</maxVolumes>
<minVolumes>0</minVolumes>
<normalForm>Third</normalForm>
<attributes itemClass="oracle.dbtools.crest.model.design.logical.Attribute">
<Attribute name="rut_profesor" id="4C875E8B-A91D-2027-B96E-07132DAE3F97">
<createdBy>DREAMFYRE 5</createdBy>
<createdTime>2024-09-25 03:48:00 UTC</createdTime>
<generatorID>F5A0EF8D-CC7C-C5E3-102E-A1074CBD8DBF</generatorID>
<ownerDesignName>DB sistema monitoreo escolar</ownerDesignName>
<engineerTo>
<item key="4613A227-EBB3-0C07-B487-262494F1A52B" value="true"/>
</engineerTo>
<referedAttribute>9D488F5D-07CE-A94B-4440-5A05F0B4E91F</referedAttribute>
<useDomainConstraints>false</useDomainConstraints>
<use>1</use>
<logicalDatatype>LOGDT011</logicalDatatype>
<ownDataTypeParameters>,,</ownDataTypeParameters>
</Attribute>
<Attribute name="id_curso" id="F063918D-9E60-4216-93CC-E5B6D56EE9BB">
<createdBy>DREAMFYRE 5</createdBy>
<createdTime>2024-09-25 03:48:21 UTC</createdTime>
<generatorID>0439C334-50A0-1CD1-A492-39C77466C43D</generatorID>
<ownerDesignName>DB sistema monitoreo escolar</ownerDesignName>
<engineerTo>
<item key="4613A227-EBB3-0C07-B487-262494F1A52B" value="true"/>
</engineerTo>
<referedAttribute>9AE2BE0C-BE72-4C1C-C310-DD970260AEAE</referedAttribute>
<useDomainConstraints>false</useDomainConstraints>
<use>1</use>
<logicalDatatype>LOGDT024</logicalDatatype>
<ownDataTypeParameters>,,</ownDataTypeParameters>
</Attribute>
</attributes>
</Entity>