<?xml version = '1.0' encoding = 'UTF-8'?>
<Entity class="oracle.dbtools.crest.model.design.logical.Entity" directorySegmentName="seg_0" id="6A40953B-B182-2F7F-9DD6-2893D891E9EB" name="Apoderado ">
<createdBy>DREAMFYRE 5</createdBy>
<createdTime>2024-09-24 00:07:07 UTC</createdTime>
<ownerDesignName>DB sistema monitoreo escolar</ownerDesignName>
<engineerTo>
<item key="4613A227-EBB3-0C07-B487-262494F1A52B" value="true"/>
</engineerTo>
<adequatelyNormalized>NO</adequatelyNormalized>
<expectedVolumes>0</expectedVolumes>
<fwdEngineeringStrategyName>Single Table</fwdEngineeringStrategyName>
<growthPercent>0</growthPercent>
<growthType>Year</growthType>
<maxVolumes>9999999</maxVolumes>
<minVolumes>0</minVolumes>
<normalForm>Third</normalForm>
<attributes itemClass="oracle.dbtools.crest.model.design.logical.Attribute">
<Attribute name="rut_apoderado" id="BD75E7B1-BAA9-3290-855F-8CF7780837C5">
<createdBy>DREAMFYRE 5</createdBy>
<createdTime>2024-09-24 00:08:42 UTC</createdTime>
<ownerDesignName>DB sistema monitoreo escolar</ownerDesignName>
<engineerTo>
<item key="4613A227-EBB3-0C07-B487-262494F1A52B" value="true"/>
</engineerTo>
<useDomainConstraints>false</useDomainConstraints>
<use>1</use>
<logicalDatatype>LOGDT011</logicalDatatype>
<ownDataTypeParameters>,,</ownDataTypeParameters>
</Attribute>
<Attribute name="dv_apoderado" id="7F8C4307-8399-74D6-FA5E-DFCD2412263F">
<createdBy>DREAMFYRE 5</createdBy>
<createdTime>2024-09-24 00:11:37 UTC</createdTime>
<ownerDesignName>DB sistema monitoreo escolar</ownerDesignName>
<engineerTo>
<item key="4613A227-EBB3-0C07-B487-262494F1A52B" value="true"/>
</engineerTo>
<useDomainConstraints>false</useDomainConstraints>
<use>1</use>
<logicalDatatype>LOGDT025</logicalDatatype>
<dataTypeSize>1</dataTypeSize>
<ownDataTypeParameters>1,,</ownDataTypeParameters>
</Attribute>
<Attribute name="primer_nombre" id="509AD2D3-7290-EE88-8EE1-697E44129C3C">
<createdBy>DREAMFYRE 5</createdBy>
<createdTime>2024-09-24 00:16:31 UTC</createdTime>
<ownerDesignName>DB sistema monitoreo escolar</ownerDesignName>
<engineerTo>
<item key="4613A227-EBB3-0C07-B487-262494F1A52B" value="true"/>
</engineerTo>
<useDomainConstraints>false</useDomainConstraints>
<use>1</use>
<logicalDatatype>LOGDT024</logicalDatatype>
<dataTypeSize>25</dataTypeSize>
<ownDataTypeParameters>25,,</ownDataTypeParameters>
</Attribute>
<Attribute name="segundo_nombre" id="4C789185-069E-5C0F-F038-9B8ED7306A40">
<createdBy>DREAMFYRE 5</createdBy>
<createdTime>2024-09-24 00:17:33 UTC</createdTime>
<ownerDesignName>DB sistema monitoreo escolar</ownerDesignName>
<engineerTo>
<item key="4613A227-EBB3-0C07-B487-262494F1A52B" value="true"/>
</engineerTo>
<nullsAllowed>true</nullsAllowed>
<useDomainConstraints>false</useDomainConstraints>
<use>1</use>
<logicalDatatype>LOGDT024</logicalDatatype>
<dataTypeSize>25</dataTypeSize>
<ownDataTypeParameters>25,,</ownDataTypeParameters>
</Attribute>
<Attribute name="appaterno" id="508E838C-DD44-A154-FD24-9CE78FB3A343">
<createdBy>DREAMFYRE 5</createdBy>
<createdTime>2024-09-24 00:17:54 UTC</createdTime>
<ownerDesignName>DB sistema monitoreo escolar</ownerDesignName>
<engineerTo>
<item key="4613A227-EBB3-0C07-B487-262494F1A52B" value="true"/>
</engineerTo>
<useDomainConstraints>false</useDomainConstraints>
<use>1</use>
<logicalDatatype>LOGDT024</logicalDatatype>
<dataTypeSize>25</dataTypeSize>
<ownDataTypeParameters>25,,</ownDataTypeParameters>
</Attribute>
<Attribute name="apmaterno" id="1C903B37-19B9-A5A2-5A21-B3B9EFA15CA2">
<createdBy>DREAMFYRE 5</createdBy>
<createdTime>2024-09-24 00:18:11 UTC</createdTime>
<ownerDesignName>DB sistema monitoreo escolar</ownerDesignName>
<engineerTo>
<item key="4613A227-EBB3-0C07-B487-262494F1A52B" value="true"/>
</engineerTo>
<nullsAllowed>true</nullsAllowed>
<useDomainConstraints>false</useDomainConstraints>
<use>1</use>
<logicalDatatype>LOGDT024</logicalDatatype>
<dataTypeSize>25</dataTypeSize>
<ownDataTypeParameters>25,,</ownDataTypeParameters>
</Attribute>
<Attribute name="rut_usuario" id="A92C7DD0-25AF-7EA4-51EC-CF0B06292F65">
<createdBy>DREAMFYRE 5</createdBy>
<createdTime>2024-09-25 03:47:14 UTC</createdTime>
<generatorID>57B42F1E-D7DE-41DC-59F7-F9DF8D5F8731</generatorID>
<ownerDesignName>DB sistema monitoreo escolar</ownerDesignName>
<engineerTo>
<item key="4613A227-EBB3-0C07-B487-262494F1A52B" value="true"/>
</engineerTo>
<referedAttribute>0A515729-2417-706F-0BFF-52943EDA1AB7</referedAttribute>
<useDomainConstraints>false</useDomainConstraints>
<use>1</use>
<logicalDatatype>LOGDT024</logicalDatatype>
<ownDataTypeParameters>,,</ownDataTypeParameters>
</Attribute>
</attributes>
<identifiers itemClass="oracle.dbtools.crest.model.design.logical.CandidateKey">
<identifier id="513CE755-CEFA-335D-4879-CD0A46DDE236" name="Apoderado PK">
<createdBy>DREAMFYRE 5</createdBy>
<createdTime>2024-09-24 00:11:12 UTC</createdTime>
<ownerDesignName>DB sistema monitoreo escolar</ownerDesignName>
<shouldEngineer>false</shouldEngineer>
<engineerTo>
<item key="4613A227-EBB3-0C07-B487-262494F1A52B" value="false"/>
</engineerTo>
<pk>true</pk>
<usedAttributes>
<attributeRef>BD75E7B1-BAA9-3290-855F-8CF7780837C5</attributeRef>
</usedAttributes>
</identifier>
</identifiers>
</Entity>