<?xml version = '1.0' encoding = 'UTF-8'?>
<Entity class="oracle.dbtools.crest.model.design.logical.Entity" directorySegmentName="seg_0" id="8E4AE870-2CDB-4999-5CA3-BB565CBED9CA" name="Administrador">
<createdBy>DREAMFYRE 5</createdBy>
<createdTime>2024-09-24 00:44:22 UTC</createdTime>
<ownerDesignName>DB sistema monitoreo escolar</ownerDesignName>
<engineerTo>
<item key="4613A227-EBB3-0C07-B487-262494F1A52B" value="true"/>
</engineerTo>
<adequatelyNormalized>NO</adequatelyNormalized>
<expectedVolumes>0</expectedVolumes>
<fwdEngineeringStrategyName>Single Table</fwdEngineeringStrategyName>
<growthPercent>0</growthPercent>
<growthType>Year</growthType>
<maxVolumes>9999999</maxVolumes>
<minVolumes>0</minVolumes>
<normalForm>Third</normalForm>
<attributes itemClass="oracle.dbtools.crest.model.design.logical.Attribute">
<Attribute name="rut_administrador" id="1FB53B80-4E7D-B11C-6CB5-A1671DCB8169">
<createdBy>DREAMFYRE 5</createdBy>
<createdTime>2024-09-24 00:44:22 UTC</createdTime>
<ownerDesignName>DB sistema monitoreo escolar</ownerDesignName>
<engineerTo>
<item key="4613A227-EBB3-0C07-B487-262494F1A52B" value="true"/>
</engineerTo>
<useDomainConstraints>false</useDomainConstraints>
<use>1</use>
<logicalDatatype>LOGDT011</logicalDatatype>
<ownDataTypeParameters>,,</ownDataTypeParameters>
</Attribute>
<Attribute name="dv_administrador" id="D7DFDA13-8B6B-0A17-B679-C706574423F7">
<createdBy>DREAMFYRE 5</createdBy>
<createdTime>2024-09-24 00:44:22 UTC</createdTime>
<ownerDesignName>DB sistema monitoreo escolar</ownerDesignName>
<engineerTo>
<item key="4613A227-EBB3-0C07-B487-262494F1A52B" value="true"/>
</engineerTo>
<useDomainConstraints>false</useDomainConstraints>
<use>1</use>
<logicalDatatype>LOGDT025</logicalDatatype>
<dataTypeSize>1</dataTypeSize>
<ownDataTypeParameters>1,,</ownDataTypeParameters>
</Attribute>
<Attribute name="primer_nombre" id="5ACCFD84-4D16-223E-4C17-0DD601E9889D">
<createdBy>DREAMFYRE 5</createdBy>
<createdTime>2024-09-24 00:44:22 UTC</createdTime>
<ownerDesignName>DB sistema monitoreo escolar</ownerDesignName>
<engineerTo>
<item key="4613A227-EBB3-0C07-B487-262494F1A52B" value="true"/>
</engineerTo>
<useDomainConstraints>false</useDomainConstraints>
<use>1</use>
<logicalDatatype>LOGDT024</logicalDatatype>
<dataTypeSize>25</dataTypeSize>
<ownDataTypeParameters>25,,</ownDataTypeParameters>
</Attribute>
<Attribute name="segundo_nombre" id="E3CDF0EF-CFE6-6F54-51CB-D4D441AEF3BC">
<createdBy>DREAMFYRE 5</createdBy>
<createdTime>2024-09-24 00:44:22 UTC</createdTime>
<ownerDesignName>DB sistema monitoreo escolar</ownerDesignName>
<engineerTo>
<item key="4613A227-EBB3-0C07-B487-262494F1A52B" value="true"/>
</engineerTo>
<nullsAllowed>true</nullsAllowed>
<useDomainConstraints>false</useDomainConstraints>
<use>1</use>
<logicalDatatype>LOGDT024</logicalDatatype>
<dataTypeSize>25</dataTypeSize>
<ownDataTypeParameters>25,,</ownDataTypeParameters>
</Attribute>
<Attribute name="appaterno" id="92273C7E-EEF9-37DA-07B9-5E4C4B495F67">
<createdBy>DREAMFYRE 5</createdBy>
<createdTime>2024-09-24 00:44:22 UTC</createdTime>
<ownerDesignName>DB sistema monitoreo escolar</ownerDesignName>
<engineerTo>
<item key="4613A227-EBB3-0C07-B487-262494F1A52B" value="true"/>
</engineerTo>
<useDomainConstraints>false</useDomainConstraints>
<use>1</use>
<logicalDatatype>LOGDT024</logicalDatatype>
<dataTypeSize>25</dataTypeSize>
<ownDataTypeParameters>25,,</ownDataTypeParameters>
</Attribute>
<Attribute name="apmaterno" id="611702FA-8985-5B96-4488-8955AC00B488">
<createdBy>DREAMFYRE 5</createdBy>
<createdTime>2024-09-24 00:44:22 UTC</createdTime>
<ownerDesignName>DB sistema monitoreo escolar</ownerDesignName>
<engineerTo>
<item key="4613A227-EBB3-0C07-B487-262494F1A52B" value="true"/>
</engineerTo>
<nullsAllowed>true</nullsAllowed>
<useDomainConstraints>false</useDomainConstraints>
<use>1</use>
<logicalDatatype>LOGDT024</logicalDatatype>
<dataTypeSize>25</dataTypeSize>
<ownDataTypeParameters>25,,</ownDataTypeParameters>
</Attribute>
<Attribute name="rut_usuario" id="766F60AB-49EA-CA41-75F8-105EE1A52CB5">
<createdBy>DREAMFYRE 5</createdBy>
<createdTime>2024-09-24 01:28:07 UTC</createdTime>
<generatorID>E4B02436-CCF7-E927-E3D8-E0B49CC12499</generatorID>
<ownerDesignName>DB sistema monitoreo escolar</ownerDesignName>
<engineerTo>
<item key="4613A227-EBB3-0C07-B487-262494F1A52B" value="true"/>
</engineerTo>
<referedAttribute>0A515729-2417-706F-0BFF-52943EDA1AB7</referedAttribute>
<useDomainConstraints>false</useDomainConstraints>
<use>1</use>
<logicalDatatype>LOGDT024</logicalDatatype>
<ownDataTypeParameters>,,</ownDataTypeParameters>
</Attribute>
</attributes>
<identifiers itemClass="oracle.dbtools.crest.model.design.logical.CandidateKey">
<identifier id="602BA951-0147-5FB7-D4E7-24205EF41838" name="Apoderado PK">
<createdBy>DREAMFYRE 5</createdBy>
<createdTime>2024-09-24 00:44:22 UTC</createdTime>
<ownerDesignName>DB sistema monitoreo escolar</ownerDesignName>
<shouldEngineer>false</shouldEngineer>
<engineerTo>
<item key="4613A227-EBB3-0C07-B487-262494F1A52B" value="false"/>
</engineerTo>
<pk>true</pk>
<usedAttributes>
<attributeRef>1FB53B80-4E7D-B11C-6CB5-A1671DCB8169</attributeRef>
</usedAttributes>
</identifier>
</identifiers>
</Entity>