<?xml version = '1.0' encoding = 'UTF-8'?>
<Entity class="oracle.dbtools.crest.model.design.logical.Entity" directorySegmentName="seg_0" id="A477651A-6E8C-C78E-C244-58C1E066CCC2" name="Asignatura_curso">
<createdBy>DREAMFYRE 5</createdBy>
<createdTime>2024-09-25 03:34:38 UTC</createdTime>
<ownerDesignName>DB sistema monitoreo escolar</ownerDesignName>
<engineerTo>
<item key="4613A227-EBB3-0C07-B487-262494F1A52B" value="true"/>
</engineerTo>
<adequatelyNormalized>NO</adequatelyNormalized>
<expectedVolumes>0</expectedVolumes>
<fwdEngineeringStrategyName>Single Table</fwdEngineeringStrategyName>
<growthPercent>0</growthPercent>
<growthType>Year</growthType>
<maxVolumes>9999999</maxVolumes>
<minVolumes>0</minVolumes>
<normalForm>Third</normalForm>
<attributes itemClass="oracle.dbtools.crest.model.design.logical.Attribute">
<Attribute name="id_curso" id="ABBCE895-52BE-572F-4762-3BB1096268DF">
<createdBy>DREAMFYRE 5</createdBy>
<createdTime>2024-09-25 03:34:57 UTC</createdTime>
<generatorID>8F4F261B-B11B-1C48-CA3F-BDA7C9CAD078</generatorID>
<ownerDesignName>DB sistema monitoreo escolar</ownerDesignName>
<engineerTo>
<item key="4613A227-EBB3-0C07-B487-262494F1A52B" value="true"/>
</engineerTo>
<referedAttribute>9AE2BE0C-BE72-4C1C-C310-DD970260AEAE</referedAttribute>
<useDomainConstraints>false</useDomainConstraints>
<use>1</use>
<logicalDatatype>LOGDT024</logicalDatatype>
<ownDataTypeParameters>,,</ownDataTypeParameters>
</Attribute>
<Attribute name="id_asignatura" id="3428AF45-7A30-E6AA-07E4-D0646A003CDB">
<createdBy>DREAMFYRE 5</createdBy>
<createdTime>2024-09-25 03:35:04 UTC</createdTime>
<generatorID>ABF770D0-F950-4A92-C5FE-D27F59D1F662</generatorID>
<ownerDesignName>DB sistema monitoreo escolar</ownerDesignName>
<engineerTo>
<item key="4613A227-EBB3-0C07-B487-262494F1A52B" value="true"/>
</engineerTo>
<referedAttribute>3FECCC4C-569B-F2EC-DAEF-DEA10C4CF5DD</referedAttribute>
<useDomainConstraints>false</useDomainConstraints>
<use>1</use>
<logicalDatatype>LOGDT024</logicalDatatype>
<dataTypeSize>10</dataTypeSize>
<ownDataTypeParameters>10,,</ownDataTypeParameters>
</Attribute>
<Attribute name="nombre_asignatura" id="2790A9BE-A8A6-E0F9-3F83-EE5F093CE871">
<createdBy>DREAMFYRE 5</createdBy>
<createdTime>2024-09-25 03:35:04 UTC</createdTime>
<generatorID>ABF770D0-F950-4A92-C5FE-D27F59D1F662</generatorID>
<ownerDesignName>DB sistema monitoreo escolar</ownerDesignName>
<engineerTo>
<item key="4613A227-EBB3-0C07-B487-262494F1A52B" value="true"/>
</engineerTo>
<referedAttribute>F42BFAB3-7D8C-3896-EBE9-08CB88140500</referedAttribute>
<useDomainConstraints>false</useDomainConstraints>
<use>1</use>
<logicalDatatype>LOGDT024</logicalDatatype>
<dataTypeSize>25</dataTypeSize>
<ownDataTypeParameters>25,,</ownDataTypeParameters>
</Attribute>
<Attribute name="id_nota" id="71582F10-B143-C218-8C96-0B308B2B2A9A">
<createdBy>DREAMFYRE 5</createdBy>
<createdTime>2024-09-30 06:16:36 UTC</createdTime>
<generatorID>02360F4C-0DA4-BDD2-2DE9-5CFC7F147A70</generatorID>
<ownerDesignName>DB sistema monitoreo escolar</ownerDesignName>
<engineerTo>
<item key="4613A227-EBB3-0C07-B487-262494F1A52B" value="true"/>
</engineerTo>
<referedAttribute>AD85E578-B611-D3C8-8709-EC2A8746F9EC</referedAttribute>
<useDomainConstraints>false</useDomainConstraints>
<use>1</use>
<logicalDatatype>LOGDT024</logicalDatatype>
<dataTypeSize>15</dataTypeSize>
<ownDataTypeParameters>,,</ownDataTypeParameters>
</Attribute>
</attributes>
<identifiers itemClass="oracle.dbtools.crest.model.design.logical.CandidateKey">
<identifier id="5DD2829C-4D4C-DDDA-8FFF-BB69E22D1CBC" name="Asignatura_curso PK">
<createdBy>DREAMFYRE 5</createdBy>
<createdTime>2024-09-30 06:16:36 UTC</createdTime>
<ownerDesignName>DB sistema monitoreo escolar</ownerDesignName>
<engineerTo>
<item key="4613A227-EBB3-0C07-B487-262494F1A52B" value="true"/>
</engineerTo>
<pk>true</pk>
<usedAttributes>
<attributeRef>71582F10-B143-C218-8C96-0B308B2B2A9A</attributeRef>
</usedAttributes>
</identifier>
</identifiers>
</Entity>