<?xml version = '1.0' encoding = 'UTF-8'?>
<Entity class="oracle.dbtools.crest.model.design.logical.Entity" directorySegmentName="seg_0" id="BD2D0C65-7DB0-48F9-322C-0F91397923D8" name="anno_curso">
<createdBy>DREAMFYRE 5</createdBy>
<createdTime>2024-09-25 03:35:12 UTC</createdTime>
<ownerDesignName>DB sistema monitoreo escolar</ownerDesignName>
<engineerTo>
<item key="4613A227-EBB3-0C07-B487-262494F1A52B" value="true"/>
</engineerTo>
<adequatelyNormalized>NO</adequatelyNormalized>
<expectedVolumes>0</expectedVolumes>
<fwdEngineeringStrategyName>Single Table</fwdEngineeringStrategyName>
<growthPercent>0</growthPercent>
<growthType>Year</growthType>
<maxVolumes>9999999</maxVolumes>
<minVolumes>0</minVolumes>
<normalForm>Third</normalForm>
<attributes itemClass="oracle.dbtools.crest.model.design.logical.Attribute">
<Attribute name="rut_alumno" id="DB9C1BF4-2395-F036-5821-6DADBB80AECD">
<createdBy>DREAMFYRE 5</createdBy>
<createdTime>2024-09-25 03:35:45 UTC</createdTime>
<generatorID>1C9E477E-566A-C236-CF04-9BD2DA60C7F2</generatorID>
<ownerDesignName>DB sistema monitoreo escolar</ownerDesignName>
<engineerTo>
<item key="4613A227-EBB3-0C07-B487-262494F1A52B" value="true"/>
</engineerTo>
<referedAttribute>200F5911-1C55-F58C-1682-6CC163AE6BBA</referedAttribute>
<useDomainConstraints>false</useDomainConstraints>
<use>1</use>
<logicalDatatype>LOGDT011</logicalDatatype>
<ownDataTypeParameters>,,</ownDataTypeParameters>
</Attribute>
<Attribute name="id_curso" id="C9884F6D-1C68-0685-0089-BC5284925384">
<createdBy>DREAMFYRE 5</createdBy>
<createdTime>2024-09-25 03:35:50 UTC</createdTime>
<generatorID>8131890C-DF2F-AC8B-BCE8-A6381EC39042</generatorID>
<ownerDesignName>DB sistema monitoreo escolar</ownerDesignName>
<engineerTo>
<item key="4613A227-EBB3-0C07-B487-262494F1A52B" value="true"/>
</engineerTo>
<referedAttribute>9AE2BE0C-BE72-4C1C-C310-DD970260AEAE</referedAttribute>
<useDomainConstraints>false</useDomainConstraints>
<use>1</use>
<logicalDatatype>LOGDT024</logicalDatatype>
<ownDataTypeParameters>,,</ownDataTypeParameters>
</Attribute>
</attributes>
</Entity>