<?xml version = '1.0' encoding = 'UTF-8'?>
<Entity class="oracle.dbtools.crest.model.design.logical.Entity" directorySegmentName="seg_0" id="C2435CD6-5F63-D832-7753-FACF4BA51834" name="Asistencia">
<createdBy>DREAMFYRE 5</createdBy>
<createdTime>2024-09-24 00:18:34 UTC</createdTime>
<ownerDesignName>DB sistema monitoreo escolar</ownerDesignName>
<engineerTo>
<item key="4613A227-EBB3-0C07-B487-262494F1A52B" value="true"/>
</engineerTo>
<adequatelyNormalized>NO</adequatelyNormalized>
<expectedVolumes>0</expectedVolumes>
<fwdEngineeringStrategyName>Single Table</fwdEngineeringStrategyName>
<growthPercent>0</growthPercent>
<growthType>Year</growthType>
<maxVolumes>9999999</maxVolumes>
<minVolumes>0</minVolumes>
<normalForm>Third</normalForm>
<attributes itemClass="oracle.dbtools.crest.model.design.logical.Attribute">
<Attribute name="id_asistencia" id="1A8B9F5E-AE53-5EC3-F766-FB45B96812F2">
<createdBy>DREAMFYRE 5</createdBy>
<createdTime>2024-09-24 00:18:42 UTC</createdTime>
<ownerDesignName>DB sistema monitoreo escolar</ownerDesignName>
<engineerTo>
<item key="4613A227-EBB3-0C07-B487-262494F1A52B" value="true"/>
</engineerTo>
<useDomainConstraints>false</useDomainConstraints>
<use>1</use>
<logicalDatatype>LOGDT024</logicalDatatype>
<ownDataTypeParameters>,,</ownDataTypeParameters>
</Attribute>
<Attribute name="fecha" id="0E916484-D94C-D739-B20F-994F21E20DF3">
<createdBy>DREAMFYRE 5</createdBy>
<createdTime>2024-09-24 00:20:35 UTC</createdTime>
<ownerDesignName>DB sistema monitoreo escolar</ownerDesignName>
<engineerTo>
<item key="4613A227-EBB3-0C07-B487-262494F1A52B" value="true"/>
</engineerTo>
<useDomainConstraints>false</useDomainConstraints>
<use>1</use>
<logicalDatatype>LOGDT007</logicalDatatype>
<ownDataTypeParameters>,,</ownDataTypeParameters>
</Attribute>
<Attribute name="estado" id="5D39CC91-FBC6-18C1-62B4-DCF5CCFD0FD0">
<createdBy>DREAMFYRE 5</createdBy>
<createdTime>2024-09-24 00:20:46 UTC</createdTime>
<ownerDesignName>DB sistema monitoreo escolar</ownerDesignName>
<engineerTo>
<item key="4613A227-EBB3-0C07-B487-262494F1A52B" value="true"/>
</engineerTo>
<useDomainConstraints>false</useDomainConstraints>
<use>1</use>
<logicalDatatype>LOGDT024</logicalDatatype>
<dataTypeSize>20</dataTypeSize>
<ownDataTypeParameters>20,,</ownDataTypeParameters>
</Attribute>
<Attribute name="rut_alumno" id="71484729-4A89-2267-6A19-75AAEDE8F778">
<createdBy>DREAMFYRE 5</createdBy>
<createdTime>2024-09-24 01:21:43 UTC</createdTime>
<generatorID>869E0887-305C-5C4D-74DC-663927FF2959</generatorID>
<ownerDesignName>DB sistema monitoreo escolar</ownerDesignName>
<engineerTo>
<item key="4613A227-EBB3-0C07-B487-262494F1A52B" value="true"/>
</engineerTo>
<referedAttribute>200F5911-1C55-F58C-1682-6CC163AE6BBA</referedAttribute>
<useDomainConstraints>false</useDomainConstraints>
<use>1</use>
<logicalDatatype>LOGDT011</logicalDatatype>
<ownDataTypeParameters>,,</ownDataTypeParameters>
</Attribute>
</attributes>
<identifiers itemClass="oracle.dbtools.crest.model.design.logical.CandidateKey">
<identifier id="40D49A9F-F38B-86C8-C08F-AA339332DDEB" name="Asistencia PK">
<createdBy>DREAMFYRE 5</createdBy>
<createdTime>2024-09-24 00:19:30 UTC</createdTime>
<ownerDesignName>DB sistema monitoreo escolar</ownerDesignName>
<engineerTo>
<item key="4613A227-EBB3-0C07-B487-262494F1A52B" value="true"/>
</engineerTo>
<pk>true</pk>
<usedAttributes>
<attributeRef>1A8B9F5E-AE53-5EC3-F766-FB45B96812F2</attributeRef>
</usedAttributes>
</identifier>
</identifiers>
</Entity>