<?xml version = '1.0' encoding = 'UTF-8'?>
<Entity class="oracle.dbtools.crest.model.design.logical.Entity" directorySegmentName="seg_0" id="D342CD56-CE1C-3CD9-9559-1970FF89FC7B" name="Asignatura_profesor">
<createdBy>DREAMFYRE 5</createdBy>
<createdTime>2024-09-25 03:42:13 UTC</createdTime>
<ownerDesignName>DB sistema monitoreo escolar</ownerDesignName>
<engineerTo>
<item key="4613A227-EBB3-0C07-B487-262494F1A52B" value="true"/>
</engineerTo>
<adequatelyNormalized>NO</adequatelyNormalized>
<expectedVolumes>0</expectedVolumes>
<fwdEngineeringStrategyName>Single Table</fwdEngineeringStrategyName>
<growthPercent>0</growthPercent>
<growthType>Year</growthType>
<maxVolumes>9999999</maxVolumes>
<minVolumes>0</minVolumes>
<normalForm>Third</normalForm>
<attributes itemClass="oracle.dbtools.crest.model.design.logical.Attribute">
<Attribute name="id_asignatura" id="4C826E6F-3F6A-1B0C-2B00-89B7C6EED439">
<createdBy>DREAMFYRE 5</createdBy>
<createdTime>2024-09-25 03:42:28 UTC</createdTime>
<generatorID>61B28554-D9E6-D81C-FF0D-487705A1E017</generatorID>
<ownerDesignName>DB sistema monitoreo escolar</ownerDesignName>
<engineerTo>
<item key="4613A227-EBB3-0C07-B487-262494F1A52B" value="true"/>
</engineerTo>
<referedAttribute>3FECCC4C-569B-F2EC-DAEF-DEA10C4CF5DD</referedAttribute>
<useDomainConstraints>false</useDomainConstraints>
<use>1</use>
<logicalDatatype>LOGDT024</logicalDatatype>
<dataTypeSize>10</dataTypeSize>
<ownDataTypeParameters>,,</ownDataTypeParameters>
</Attribute>
<Attribute name="nombre_asignatura" id="F0E47417-DE26-36B4-9811-FF8BB64FE9C4">
<createdBy>DREAMFYRE 5</createdBy>
<createdTime>2024-09-25 03:42:28 UTC</createdTime>
<generatorID>61B28554-D9E6-D81C-FF0D-487705A1E017</generatorID>
<ownerDesignName>DB sistema monitoreo escolar</ownerDesignName>
<engineerTo>
<item key="4613A227-EBB3-0C07-B487-262494F1A52B" value="true"/>
</engineerTo>
<referedAttribute>F42BFAB3-7D8C-3896-EBE9-08CB88140500</referedAttribute>
<useDomainConstraints>false</useDomainConstraints>
<use>1</use>
<logicalDatatype>LOGDT024</logicalDatatype>
<dataTypeSize>25</dataTypeSize>
<ownDataTypeParameters>,,</ownDataTypeParameters>
</Attribute>
<Attribute name="rut_profesor" id="4527CCE3-2960-9A15-4DF2-789C3C1D610B">
<createdBy>DREAMFYRE 5</createdBy>
<createdTime>2024-09-25 03:42:32 UTC</createdTime>
<generatorID>DE9C11DC-77EA-26D5-B622-957A028872D2</generatorID>
<ownerDesignName>DB sistema monitoreo escolar</ownerDesignName>
<engineerTo>
<item key="4613A227-EBB3-0C07-B487-262494F1A52B" value="true"/>
</engineerTo>
<referedAttribute>9D488F5D-07CE-A94B-4440-5A05F0B4E91F</referedAttribute>
<useDomainConstraints>false</useDomainConstraints>
<use>1</use>
<logicalDatatype>LOGDT011</logicalDatatype>
<ownDataTypeParameters>,,</ownDataTypeParameters>
</Attribute>
</attributes>
</Entity>