<?xml version = '1.0' encoding = 'UTF-8'?>
<Entity class="oracle.dbtools.crest.model.design.logical.Entity" directorySegmentName="seg_0" id="DAE8FDA3-3DFB-C37D-EEEE-5DBF441C4657" name="Curso">
<createdBy>DREAMFYRE 5</createdBy>
<createdTime>2024-09-24 00:23:35 UTC</createdTime>
<ownerDesignName>DB sistema monitoreo escolar</ownerDesignName>
<engineerTo>
<item key="4613A227-EBB3-0C07-B487-262494F1A52B" value="true"/>
</engineerTo>
<adequatelyNormalized>NO</adequatelyNormalized>
<expectedVolumes>0</expectedVolumes>
<fwdEngineeringStrategyName>Single Table</fwdEngineeringStrategyName>
<growthPercent>0</growthPercent>
<growthType>Year</growthType>
<maxVolumes>9999999</maxVolumes>
<minVolumes>0</minVolumes>
<normalForm>Third</normalForm>
<attributes itemClass="oracle.dbtools.crest.model.design.logical.Attribute">
<Attribute name="id_curso" id="9AE2BE0C-BE72-4C1C-C310-DD970260AEAE">
<createdBy>DREAMFYRE 5</createdBy>
<createdTime>2024-09-24 00:23:50 UTC</createdTime>
<ownerDesignName>DB sistema monitoreo escolar</ownerDesignName>
<engineerTo>
<item key="4613A227-EBB3-0C07-B487-262494F1A52B" value="true"/>
</engineerTo>
<useDomainConstraints>false</useDomainConstraints>
<use>1</use>
<logicalDatatype>LOGDT024</logicalDatatype>
<ownDataTypeParameters>,,</ownDataTypeParameters>
</Attribute>
<Attribute name="seccion" id="5DE09CAC-5F40-AC4D-C557-293E9FB1DFE3">
<createdBy>DREAMFYRE 5</createdBy>
<createdTime>2024-09-24 00:24:39 UTC</createdTime>
<ownerDesignName>DB sistema monitoreo escolar</ownerDesignName>
<engineerTo>
<item key="4613A227-EBB3-0C07-B487-262494F1A52B" value="true"/>
</engineerTo>
<useDomainConstraints>false</useDomainConstraints>
<use>1</use>
<logicalDatatype>LOGDT024</logicalDatatype>
<ownDataTypeParameters>,,</ownDataTypeParameters>
</Attribute>
<Attribute name="anno_generacion" id="3F4458E2-4542-0EDD-BB9F-4D6CF9B2BF2A">
<createdBy>DREAMFYRE 5</createdBy>
<createdTime>2024-09-25 03:32:32 UTC</createdTime>
<ownerDesignName>DB sistema monitoreo escolar</ownerDesignName>
<engineerTo>
<item key="4613A227-EBB3-0C07-B487-262494F1A52B" value="true"/>
</engineerTo>
<useDomainConstraints>false</useDomainConstraints>
<use>1</use>
<logicalDatatype>LOGDT011</logicalDatatype>
<ownDataTypeParameters>,,</ownDataTypeParameters>
</Attribute>
<Attribute name="semeste" id="97F7D5C2-ACFC-C9A6-8B43-DD5105A3414D">
<createdBy>DREAMFYRE 5</createdBy>
<createdTime>2024-09-25 03:33:01 UTC</createdTime>
<ownerDesignName>DB sistema monitoreo escolar</ownerDesignName>
<engineerTo>
<item key="4613A227-EBB3-0C07-B487-262494F1A52B" value="true"/>
</engineerTo>
<useDomainConstraints>false</useDomainConstraints>
<use>1</use>
<logicalDatatype>LOGDT025</logicalDatatype>
<ownDataTypeParameters>,,</ownDataTypeParameters>
</Attribute>
</attributes>
<identifiers itemClass="oracle.dbtools.crest.model.design.logical.CandidateKey">
<identifier id="42619F5C-90C1-1C11-9957-3F488737CEB9" name="curso PK">
<createdBy>DREAMFYRE 5</createdBy>
<createdTime>2024-09-24 00:24:06 UTC</createdTime>
<ownerDesignName>DB sistema monitoreo escolar</ownerDesignName>
<shouldEngineer>false</shouldEngineer>
<engineerTo>
<item key="4613A227-EBB3-0C07-B487-262494F1A52B" value="false"/>
</engineerTo>
<pk>true</pk>
<usedAttributes>
<attributeRef>9AE2BE0C-BE72-4C1C-C310-DD970260AEAE</attributeRef>
</usedAttributes>
</identifier>
</identifiers>
</Entity>