<?xml version = '1.0' encoding = 'UTF-8'?>
<Entity class="oracle.dbtools.crest.model.design.logical.Entity" directorySegmentName="seg_0" id="ECCD510B-0EF5-FF8F-442F-A54957047C01" name="Asignatura">
<createdBy>DREAMFYRE 5</createdBy>
<createdTime>2024-09-24 00:26:00 UTC</createdTime>
<ownerDesignName>DB sistema monitoreo escolar</ownerDesignName>
<engineerTo>
<item key="4613A227-EBB3-0C07-B487-262494F1A52B" value="true"/>
</engineerTo>
<adequatelyNormalized>NO</adequatelyNormalized>
<expectedVolumes>0</expectedVolumes>
<fwdEngineeringStrategyName>Single Table</fwdEngineeringStrategyName>
<growthPercent>0</growthPercent>
<growthType>Year</growthType>
<maxVolumes>9999999</maxVolumes>
<minVolumes>0</minVolumes>
<normalForm>Third</normalForm>
<attributes itemClass="oracle.dbtools.crest.model.design.logical.Attribute">
<Attribute name="id_asignatura" id="3FECCC4C-569B-F2EC-DAEF-DEA10C4CF5DD">
<createdBy>DREAMFYRE 5</createdBy>
<createdTime>2024-09-24 00:26:08 UTC</createdTime>
<ownerDesignName>DB sistema monitoreo escolar</ownerDesignName>
<engineerTo>
<item key="4613A227-EBB3-0C07-B487-262494F1A52B" value="true"/>
</engineerTo>
<useDomainConstraints>false</useDomainConstraints>
<use>1</use>
<logicalDatatype>LOGDT024</logicalDatatype>
<dataTypeSize>10</dataTypeSize>
<ownDataTypeParameters>10,,</ownDataTypeParameters>
</Attribute>
<Attribute name="nombre_asignatura" id="F42BFAB3-7D8C-3896-EBE9-08CB88140500">
<createdBy>DREAMFYRE 5</createdBy>
<createdTime>2024-09-24 00:26:55 UTC</createdTime>
<ownerDesignName>DB sistema monitoreo escolar</ownerDesignName>
<engineerTo>
<item key="4613A227-EBB3-0C07-B487-262494F1A52B" value="true"/>
</engineerTo>
<useDomainConstraints>false</useDomainConstraints>
<use>1</use>
<logicalDatatype>LOGDT024</logicalDatatype>
<dataTypeSize>25</dataTypeSize>
<ownDataTypeParameters>25,,</ownDataTypeParameters>
</Attribute>
</attributes>
<identifiers itemClass="oracle.dbtools.crest.model.design.logical.CandidateKey">
<identifier id="2FF33F8B-81DF-640D-800E-7F383998CF8D" name="Asignatura PK">
<createdBy>DREAMFYRE 5</createdBy>
<createdTime>2024-09-24 00:26:44 UTC</createdTime>
<ownerDesignName>DB sistema monitoreo escolar</ownerDesignName>
<shouldEngineer>false</shouldEngineer>
<engineerTo>
<item key="4613A227-EBB3-0C07-B487-262494F1A52B" value="false"/>
</engineerTo>
<pk>true</pk>
<usedAttributes>
<attributeRef>3FECCC4C-569B-F2EC-DAEF-DEA10C4CF5DD</attributeRef>
<attributeRef>F42BFAB3-7D8C-3896-EBE9-08CB88140500</attributeRef>
</usedAttributes>
</identifier>
</identifiers>
</Entity>