<?xml version = '1.0' encoding = 'UTF-8'?>
<Entity class="oracle.dbtools.crest.model.design.logical.Entity" directorySegmentName="seg_0" id="FCDD4D91-5034-0144-5DA4-08B3D37D965B" name="Anotacion">
<createdBy>DREAMFYRE 5</createdBy>
<createdTime>2024-09-24 00:22:07 UTC</createdTime>
<ownerDesignName>DB sistema monitoreo escolar</ownerDesignName>
<engineerTo>
<item key="4613A227-EBB3-0C07-B487-262494F1A52B" value="true"/>
</engineerTo>
<adequatelyNormalized>NO</adequatelyNormalized>
<expectedVolumes>0</expectedVolumes>
<fwdEngineeringStrategyName>Single Table</fwdEngineeringStrategyName>
<growthPercent>0</growthPercent>
<growthType>Year</growthType>
<maxVolumes>9999999</maxVolumes>
<minVolumes>0</minVolumes>
<normalForm>Third</normalForm>
<attributes itemClass="oracle.dbtools.crest.model.design.logical.Attribute">
<Attribute name="id_anotacion" id="87B56B7F-4F71-790C-D6C4-405FC9335B3D">
<createdBy>DREAMFYRE 5</createdBy>
<createdTime>2024-09-24 00:22:22 UTC</createdTime>
<ownerDesignName>DB sistema monitoreo escolar</ownerDesignName>
<engineerTo>
<item key="4613A227-EBB3-0C07-B487-262494F1A52B" value="true"/>
</engineerTo>
<useDomainConstraints>false</useDomainConstraints>
<use>1</use>
<logicalDatatype>LOGDT011</logicalDatatype>
<ownDataTypeParameters>,,</ownDataTypeParameters>
</Attribute>
<Attribute name="descripcion" id="70487656-BDF1-F3CF-FA49-E08ACC349AC0">
<createdBy>DREAMFYRE 5</createdBy>
<createdTime>2024-09-24 00:22:45 UTC</createdTime>
<ownerDesignName>DB sistema monitoreo escolar</ownerDesignName>
<engineerTo>
<item key="4613A227-EBB3-0C07-B487-262494F1A52B" value="true"/>
</engineerTo>
<useDomainConstraints>false</useDomainConstraints>
<use>1</use>
<logicalDatatype>LOGDT024</logicalDatatype>
<ownDataTypeParameters>,,</ownDataTypeParameters>
</Attribute>
<Attribute name="tipo_anotacion" id="E0FB0B81-2B77-E385-833E-41B09BEB4532">
<createdBy>DREAMFYRE 5</createdBy>
<createdTime>2024-09-24 00:41:58 UTC</createdTime>
<ownerDesignName>DB sistema monitoreo escolar</ownerDesignName>
<engineerTo>
<item key="4613A227-EBB3-0C07-B487-262494F1A52B" value="true"/>
</engineerTo>
<useDomainConstraints>false</useDomainConstraints>
<use>1</use>
<logicalDatatype>LOGDT025</logicalDatatype>
<dataTypeSize>1</dataTypeSize>
<ownDataTypeParameters>1,,</ownDataTypeParameters>
</Attribute>
<Attribute name="rut_alumno" id="4A2424D2-61A3-A8A6-D606-A7A5DE814550">
<createdBy>DREAMFYRE 5</createdBy>
<createdTime>2024-09-24 01:18:07 UTC</createdTime>
<generatorID>CD9D8254-AA5F-778B-312F-40894DA193C9</generatorID>
<ownerDesignName>DB sistema monitoreo escolar</ownerDesignName>
<engineerTo>
<item key="4613A227-EBB3-0C07-B487-262494F1A52B" value="true"/>
</engineerTo>
<referedAttribute>200F5911-1C55-F58C-1682-6CC163AE6BBA</referedAttribute>
<useDomainConstraints>false</useDomainConstraints>
<use>1</use>
<logicalDatatype>LOGDT011</logicalDatatype>
<ownDataTypeParameters>,,</ownDataTypeParameters>
</Attribute>
<Attribute name="id_anotacion1" id="F137A939-EA01-8BC7-6BE9-D6DB6B91AADF">
<createdBy>DREAMFYRE 5</createdBy>
<createdTime>2024-09-25 03:31:32 UTC</createdTime>
<generatorID>9CD5D4A2-E3A9-1B41-4AF1-5A35143D4A33</generatorID>
<ownerDesignName>DB sistema monitoreo escolar</ownerDesignName>
<engineerTo>
<item key="4613A227-EBB3-0C07-B487-262494F1A52B" value="true"/>
</engineerTo>
<referedAttribute>30F42999-126A-6010-5892-AED5B413B2B6</referedAttribute>
<useDomainConstraints>false</useDomainConstraints>
<use>1</use>
<logicalDatatype>LOGDT019</logicalDatatype>
<ownDataTypeParameters>,,</ownDataTypeParameters>
</Attribute>
<Attribute name="rut_profesor" id="32FA3A10-27A4-4783-8562-214A7B2D821F">
<createdBy>DREAMFYRE 5</createdBy>
<createdTime>2024-09-25 03:40:17 UTC</createdTime>
<generatorID>7EB13469-C072-A714-068C-6B1879DC5EE2</generatorID>
<ownerDesignName>DB sistema monitoreo escolar</ownerDesignName>
<engineerTo>
<item key="4613A227-EBB3-0C07-B487-262494F1A52B" value="true"/>
</engineerTo>
<referedAttribute>9D488F5D-07CE-A94B-4440-5A05F0B4E91F</referedAttribute>
<useDomainConstraints>false</useDomainConstraints>
<use>1</use>
<logicalDatatype>LOGDT011</logicalDatatype>
<ownDataTypeParameters>,,</ownDataTypeParameters>
</Attribute>
</attributes>
<identifiers itemClass="oracle.dbtools.crest.model.design.logical.CandidateKey">
<identifier id="426CB28F-95B2-B001-AF02-A217F44231D0" name="Anotacion PK">
<createdBy>DREAMFYRE 5</createdBy>
<createdTime>2024-09-24 00:22:43 UTC</createdTime>
<ownerDesignName>DB sistema monitoreo escolar</ownerDesignName>
<shouldEngineer>false</shouldEngineer>
<engineerTo>
<item key="4613A227-EBB3-0C07-B487-262494F1A52B" value="false"/>
</engineerTo>
<pk>true</pk>
<usedAttributes>
<attributeRef>87B56B7F-4F71-790C-D6C4-405FC9335B3D</attributeRef>
</usedAttributes>
</identifier>
</identifiers>
</Entity>