<?xml version = '1.0' encoding = 'UTF-8'?>
<Entity class="oracle.dbtools.crest.model.design.logical.Entity" directorySegmentName="seg_0" id="FD289B5B-D84D-9155-49BD-EC130B665573" name="Usuario">
<createdBy>DREAMFYRE 5</createdBy>
<createdTime>2024-09-24 00:44:56 UTC</createdTime>
<ownerDesignName>DB sistema monitoreo escolar</ownerDesignName>
<engineerTo>
<item key="4613A227-EBB3-0C07-B487-262494F1A52B" value="true"/>
</engineerTo>
<adequatelyNormalized>NO</adequatelyNormalized>
<expectedVolumes>0</expectedVolumes>
<fwdEngineeringStrategyName>Single Table</fwdEngineeringStrategyName>
<growthPercent>0</growthPercent>
<growthType>Year</growthType>
<maxVolumes>9999999</maxVolumes>
<minVolumes>0</minVolumes>
<normalForm>Third</normalForm>
<attributes itemClass="oracle.dbtools.crest.model.design.logical.Attribute">
<Attribute name="rut_usuario" id="0A515729-2417-706F-0BFF-52943EDA1AB7">
<createdBy>DREAMFYRE 5</createdBy>
<createdTime>2024-09-24 00:45:41 UTC</createdTime>
<ownerDesignName>DB sistema monitoreo escolar</ownerDesignName>
<engineerTo>
<item key="4613A227-EBB3-0C07-B487-262494F1A52B" value="true"/>
</engineerTo>
<useDomainConstraints>false</useDomainConstraints>
<use>1</use>
<logicalDatatype>LOGDT024</logicalDatatype>
<ownDataTypeParameters>,,</ownDataTypeParameters>
</Attribute>
<Attribute name="dv_usuario" id="38B52463-F85E-FA2B-A410-35D9D7239DDE">
<createdBy>DREAMFYRE 5</createdBy>
<createdTime>2024-09-24 00:50:25 UTC</createdTime>
<ownerDesignName>DB sistema monitoreo escolar</ownerDesignName>
<engineerTo>
<item key="4613A227-EBB3-0C07-B487-262494F1A52B" value="true"/>
</engineerTo>
<useDomainConstraints>false</useDomainConstraints>
<use>1</use>
<logicalDatatype>LOGDT025</logicalDatatype>
<ownDataTypeParameters>,,</ownDataTypeParameters>
</Attribute>
<Attribute name="tipo_usuario" id="ED5A9BC9-29A2-3309-02B2-B2EB7DB68451">
<createdBy>DREAMFYRE 5</createdBy>
<createdTime>2024-09-24 00:47:42 UTC</createdTime>
<ownerDesignName>DB sistema monitoreo escolar</ownerDesignName>
<engineerTo>
<item key="4613A227-EBB3-0C07-B487-262494F1A52B" value="true"/>
</engineerTo>
<useDomainConstraints>false</useDomainConstraints>
<use>1</use>
<logicalDatatype>LOGDT024</logicalDatatype>
<dataTypeSize>25</dataTypeSize>
<ownDataTypeParameters>25,,</ownDataTypeParameters>
</Attribute>
<Attribute name="rut_profesor" id="9DF7EFF9-BAC5-53FF-EC48-CDFD548B4109">
<createdBy>DREAMFYRE 5</createdBy>
<createdTime>2024-09-24 01:27:46 UTC</createdTime>
<generatorID>38D58C03-F548-B969-B0A3-738D5BFA4D8F</generatorID>
<ownerDesignName>DB sistema monitoreo escolar</ownerDesignName>
<engineerTo>
<item key="4613A227-EBB3-0C07-B487-262494F1A52B" value="true"/>
</engineerTo>
<referedAttribute>9D488F5D-07CE-A94B-4440-5A05F0B4E91F</referedAttribute>
<useDomainConstraints>false</useDomainConstraints>
<use>1</use>
<logicalDatatype>LOGDT011</logicalDatatype>
<ownDataTypeParameters>,,</ownDataTypeParameters>
</Attribute>
<Attribute name="rut_administrador" id="E0331466-3EF4-AFC9-B520-EDAC95E89DB5">
<createdBy>DREAMFYRE 5</createdBy>
<createdTime>2024-09-24 01:28:05 UTC</createdTime>
<generatorID>E4B02436-CCF7-E927-E3D8-E0B49CC12499</generatorID>
<ownerDesignName>DB sistema monitoreo escolar</ownerDesignName>
<engineerTo>
<item key="4613A227-EBB3-0C07-B487-262494F1A52B" value="true"/>
</engineerTo>
<referedAttribute>1FB53B80-4E7D-B11C-6CB5-A1671DCB8169</referedAttribute>
<useDomainConstraints>false</useDomainConstraints>
<use>1</use>
<logicalDatatype>LOGDT011</logicalDatatype>
<ownDataTypeParameters>,,</ownDataTypeParameters>
</Attribute>
<Attribute name="contrasena" id="A2AB421A-63E9-B3C9-7EAC-5BC8A5467977">
<createdBy>DREAMFYRE 5</createdBy>
<createdTime>2024-09-25 03:36:40 UTC</createdTime>
<ownerDesignName>DB sistema monitoreo escolar</ownerDesignName>
<engineerTo>
<item key="4613A227-EBB3-0C07-B487-262494F1A52B" value="true"/>
</engineerTo>
<useDomainConstraints>false</useDomainConstraints>
<use>1</use>
<logicalDatatype>LOGDT024</logicalDatatype>
<dataTypeSize>20</dataTypeSize>
<ownDataTypeParameters>20,,</ownDataTypeParameters>
</Attribute>
<Attribute name="rut_apoderado" id="ACCBEC26-A4D9-C364-718A-E7265F9B0E6A">
<createdBy>DREAMFYRE 5</createdBy>
<createdTime>2024-09-25 03:47:16 UTC</createdTime>
<generatorID>57B42F1E-D7DE-41DC-59F7-F9DF8D5F8731</generatorID>
<ownerDesignName>DB sistema monitoreo escolar</ownerDesignName>
<engineerTo>
<item key="4613A227-EBB3-0C07-B487-262494F1A52B" value="true"/>
</engineerTo>
<referedAttribute>BD75E7B1-BAA9-3290-855F-8CF7780837C5</referedAttribute>
<useDomainConstraints>false</useDomainConstraints>
<use>1</use>
<logicalDatatype>LOGDT011</logicalDatatype>
<ownDataTypeParameters>,,</ownDataTypeParameters>
</Attribute>
</attributes>
<identifiers itemClass="oracle.dbtools.crest.model.design.logical.CandidateKey">
<identifier id="80DD10F6-FBCB-EE5F-84E3-85066E3C8A6B" name="Usuario PK">
<createdBy>DREAMFYRE 5</createdBy>
<createdTime>2024-09-24 00:45:42 UTC</createdTime>
<ownerDesignName>DB sistema monitoreo escolar</ownerDesignName>
<shouldEngineer>false</shouldEngineer>
<engineerTo>
<item key="4613A227-EBB3-0C07-B487-262494F1A52B" value="false"/>
</engineerTo>
<pk>true</pk>
<usedAttributes>
<attributeRef>0A515729-2417-706F-0BFF-52943EDA1AB7</attributeRef>
</usedAttributes>
</identifier>
</identifiers>
</Entity>