<?xml version = '1.0' encoding = 'UTF-8'?>
<FKIndexAssociation class="oracle.dbtools.crest.model.design.relational.FKIndexAssociation" directorySegmentName="seg_0" id="0C0BC164-115B-9CB0-294D-62AD30ECCEB0" containerWithKeyObject="C2D134D9-20F6-8FAE-4151-A99375FE02B2" localFKIndex="473CD1A6-B14C-F0AD-7762-3C62F4446E59" name="Profesor_Usuario_FK">
<createdBy>DREAMFYRE 5</createdBy>
<createdTime>2024-09-30 06:17:41 UTC</createdTime>
<generatorID>38D58C03-F548-B969-B0A3-738D5BFA4D8F</generatorID>
<ownerDesignName>DB sistema monitoreo escolar</ownerDesignName>
<referredTableLongName>Usuario</referredTableLongName>
<deleteRule>NO ACTION</deleteRule>
<referredTableID>83F8AFD3-00D1-D2B2-E75A-D2AD060903A9</referredTableID>
<keyObject>500DEDD7-4B5F-9FA1-863E-2C8CBA14CC32</keyObject>
<referredKeyID>500DEDD7-4B5F-9FA1-863E-2C8CBA14CC32</referredKeyID>
<mandatory>true</mandatory>
<refColNames>rut_usuario</refColNames>
<transferable>true</transferable>
<rely>false</rely>
<columnDependencyConstraintGenerateInDDL>true</columnDependencyConstraintGenerateInDDL>
</FKIndexAssociation>