<?xml version = '1.0' encoding = 'UTF-8'?>
<FKIndexAssociation class="oracle.dbtools.crest.model.design.relational.FKIndexAssociation" directorySegmentName="seg_0" id="16D79F08-2E2E-3209-00BC-00F6DB47F647" containerWithKeyObject="A004DD27-A348-9431-EB98-1E9DAB48B22E" localFKIndex="5BA0699A-35FD-D05C-BEAE-A026BEF996AA" name="anno_curso_Curso_FK">
<createdBy>DREAMFYRE 5</createdBy>
<createdTime>2024-09-25 03:44:06 UTC</createdTime>
<generatorID>8131890C-DF2F-AC8B-BCE8-A6381EC39042</generatorID>
<ownerDesignName>DB sistema monitoreo escolar</ownerDesignName>
<referredTableLongName>Curso</referredTableLongName>
<deleteRule>NO ACTION</deleteRule>
<referredTableID>0D24C743-70FD-8615-4C27-637E234B6B9D</referredTableID>
<keyObject>369CC8CD-09BD-FCE3-4BDB-D9A8D0D6DAD3</keyObject>
<referredKeyID>369CC8CD-09BD-FCE3-4BDB-D9A8D0D6DAD3</referredKeyID>
<mandatory>true</mandatory>
<refColNames>id_curso</refColNames>
<transferable>true</transferable>
<rely>false</rely>
<columnDependencyConstraintGenerateInDDL>true</columnDependencyConstraintGenerateInDDL>
</FKIndexAssociation>