<?xml version = '1.0' encoding = 'UTF-8'?>
<FKIndexAssociation class="oracle.dbtools.crest.model.design.relational.FKIndexAssociation" directorySegmentName="seg_0" id="19EDDBC8-5B50-36B7-6008-A210BB2E7A2E" containerWithKeyObject="225E45A8-6E8F-007B-6944-2923C6DF290D" localFKIndex="D9B3B0AC-3D45-2BDF-92D2-CC7D888C5506" name="Asignatura_curso_Nota_FK">
<createdBy>DREAMFYRE 5</createdBy>
<createdTime>2024-09-30 06:17:41 UTC</createdTime>
<generatorID>02360F4C-0DA4-BDD2-2DE9-5CFC7F147A70</generatorID>
<ownerDesignName>DB sistema monitoreo escolar</ownerDesignName>
<referredTableLongName>Nota</referredTableLongName>
<deleteRule>NO ACTION</deleteRule>
<referredTableID>5EF801B3-8162-4EFA-7745-00128FF94CCD</referredTableID>
<keyObject>CFDE33DF-B59D-D70E-C5B0-EAF28858D78F</keyObject>
<referredKeyID>CFDE33DF-B59D-D70E-C5B0-EAF28858D78F</referredKeyID>
<mandatory>true</mandatory>
<refColNames>id_nota</refColNames>
<transferable>true</transferable>
<rely>false</rely>
<columnDependencyConstraintGenerateInDDL>true</columnDependencyConstraintGenerateInDDL>
</FKIndexAssociation>