<?xml version = '1.0' encoding = 'UTF-8'?>
<FKIndexAssociation class="oracle.dbtools.crest.model.design.relational.FKIndexAssociation" directorySegmentName="seg_0" id="2CE1364D-3BBB-CA0B-1F35-767F3E21F382" containerWithKeyObject="7A32A8ED-00C5-9DF4-5A3E-919616E0C82C" localFKIndex="F2BFE04B-A6E0-CBC3-B582-2ECBEE434F60" name="Anotacion_Tipo_anotacion_FK">
<createdBy>DREAMFYRE 5</createdBy>
<createdTime>2024-09-25 03:44:06 UTC</createdTime>
<generatorID>9CD5D4A2-E3A9-1B41-4AF1-5A35143D4A33</generatorID>
<ownerDesignName>DB sistema monitoreo escolar</ownerDesignName>
<referredTableLongName>Tipo_anotacion</referredTableLongName>
<deleteRule>NO ACTION</deleteRule>
<referredTableID>1003DA7C-3C4D-13D4-030B-03955723892A</referredTableID>
<keyObject>06C0170D-0F97-FCD2-A797-BC5DDD10DB43</keyObject>
<referredKeyID>06C0170D-0F97-FCD2-A797-BC5DDD10DB43</referredKeyID>
<mandatory>true</mandatory>
<refColNames>id_anotacion</refColNames>
<transferable>true</transferable>
<rely>false</rely>
<columnDependencyConstraintGenerateInDDL>true</columnDependencyConstraintGenerateInDDL>
</FKIndexAssociation>