<?xml version = '1.0' encoding = 'UTF-8'?>
<FKIndexAssociation class="oracle.dbtools.crest.model.design.relational.FKIndexAssociation" directorySegmentName="seg_0" id="3381D2BE-4F4B-DF08-264B-9AD231E8BF50" containerWithKeyObject="83F8AFD3-00D1-D2B2-E75A-D2AD060903A9" localFKIndex="0CD4D2CF-2C55-FA8E-9558-295219F10F97" name="Usuario_Apoderado_FK">
<createdBy>DREAMFYRE 5</createdBy>
<createdTime>2024-09-25 03:44:06 UTC</createdTime>
<generatorID>9116F77E-718A-AEB1-8573-F2283C88E117</generatorID>
<ownerDesignName>DB sistema monitoreo escolar</ownerDesignName>
<referredTableLongName>Apoderado</referredTableLongName>
<deleteRule>NO ACTION</deleteRule>
<referredTableID>F589501F-9013-52CA-693D-9CB3FF555EF2</referredTableID>
<keyObject>5DCF42B8-84E5-537D-35A4-2986BF24F567</keyObject>
<referredKeyID>5DCF42B8-84E5-537D-35A4-2986BF24F567</referredKeyID>
<mandatory>true</mandatory>
<refColNames>rut_apoderado</refColNames>
<transferable>true</transferable>
<rely>false</rely>
<columnDependencyConstraintGenerateInDDL>true</columnDependencyConstraintGenerateInDDL>
</FKIndexAssociation>