<?xml version = '1.0' encoding = 'UTF-8'?>
<FKIndexAssociation class="oracle.dbtools.crest.model.design.relational.FKIndexAssociation" directorySegmentName="seg_0" id="4378FAA9-2853-C9EF-D445-D24B9FAEE3FB" containerWithKeyObject="7A32A8ED-00C5-9DF4-5A3E-919616E0C82C" localFKIndex="B4DA5B85-B2F7-1295-1171-B6697E844D7B" name="Anotacion_Profesor_FK">
<createdBy>DREAMFYRE 5</createdBy>
<createdTime>2024-09-25 03:44:06 UTC</createdTime>
<generatorID>7EB13469-C072-A714-068C-6B1879DC5EE2</generatorID>
<ownerDesignName>DB sistema monitoreo escolar</ownerDesignName>
<referredTableLongName>Profesor</referredTableLongName>
<deleteRule>NO ACTION</deleteRule>
<referredTableID>C2D134D9-20F6-8FAE-4151-A99375FE02B2</referredTableID>
<keyObject>17DBA081-DA79-ABF2-1CF5-4D57A2F7BEA8</keyObject>
<referredKeyID>17DBA081-DA79-ABF2-1CF5-4D57A2F7BEA8</referredKeyID>
<mandatory>true</mandatory>
<refColNames>rut_profesor</refColNames>
<transferable>true</transferable>
<rely>false</rely>
<columnDependencyConstraintGenerateInDDL>true</columnDependencyConstraintGenerateInDDL>
</FKIndexAssociation>