<?xml version = '1.0' encoding = 'UTF-8'?>
<FKIndexAssociation class="oracle.dbtools.crest.model.design.relational.FKIndexAssociation" directorySegmentName="seg_0" id="503D7EDB-E985-7942-543A-D7EC1E394416" containerWithKeyObject="225E45A8-6E8F-007B-6944-2923C6DF290D" localFKIndex="F0224309-5084-3709-C788-B83D559CBD68" name="Asignatura_curso_Curso_FK">
<createdBy>DREAMFYRE 5</createdBy>
<createdTime>2024-09-25 03:44:06 UTC</createdTime>
<generatorID>8F4F261B-B11B-1C48-CA3F-BDA7C9CAD078</generatorID>
<ownerDesignName>DB sistema monitoreo escolar</ownerDesignName>
<referredTableLongName>Curso</referredTableLongName>
<deleteRule>NO ACTION</deleteRule>
<referredTableID>0D24C743-70FD-8615-4C27-637E234B6B9D</referredTableID>
<keyObject>369CC8CD-09BD-FCE3-4BDB-D9A8D0D6DAD3</keyObject>
<referredKeyID>369CC8CD-09BD-FCE3-4BDB-D9A8D0D6DAD3</referredKeyID>
<mandatory>true</mandatory>
<refColNames>id_curso</refColNames>
<transferable>true</transferable>
<rely>false</rely>
<columnDependencyConstraintGenerateInDDL>true</columnDependencyConstraintGenerateInDDL>
</FKIndexAssociation>