<?xml version = '1.0' encoding = 'UTF-8'?>
<FKIndexAssociation class="oracle.dbtools.crest.model.design.relational.FKIndexAssociation" directorySegmentName="seg_0" id="5CE18801-FBCB-4D69-4A0E-F11BE17B964E" containerWithKeyObject="83F8AFD3-00D1-D2B2-E75A-D2AD060903A9" localFKIndex="5F9F133D-6E08-1A13-7A12-839086818DB6" name="Usuario_Administrador_FK">
<createdBy>DREAMFYRE 5</createdBy>
<createdTime>2024-09-30 06:17:41 UTC</createdTime>
<generatorID>E4B02436-CCF7-E927-E3D8-E0B49CC12499</generatorID>
<ownerDesignName>DB sistema monitoreo escolar</ownerDesignName>
<referredTableLongName>Administrador</referredTableLongName>
<deleteRule>NO ACTION</deleteRule>
<referredTableID>5616F85C-01D1-B5B3-1D56-F811172777A9</referredTableID>
<keyObject>AB94D2BD-F80D-1945-514F-7E3EA34D162A</keyObject>
<referredKeyID>AB94D2BD-F80D-1945-514F-7E3EA34D162A</referredKeyID>
<mandatory>true</mandatory>
<refColNames>rut_administrador</refColNames>
<transferable>true</transferable>
<rely>false</rely>
<columnDependencyConstraintGenerateInDDL>true</columnDependencyConstraintGenerateInDDL>
</FKIndexAssociation>