<?xml version = '1.0' encoding = 'UTF-8'?>
<FKIndexAssociation class="oracle.dbtools.crest.model.design.relational.FKIndexAssociation" directorySegmentName="seg_0" id="68FC913D-02B5-DF41-1A92-F9752654445B" containerWithKeyObject="F589501F-9013-52CA-693D-9CB3FF555EF2" localFKIndex="9E8E53AD-F379-822A-5133-4BFAF598BB37" name="Apoderado_Usuario_FK">
<createdBy>DREAMFYRE 5</createdBy>
<createdTime>2024-09-25 03:44:06 UTC</createdTime>
<generatorID>9116F77E-718A-AEB1-8573-F2283C88E117</generatorID>
<ownerDesignName>DB sistema monitoreo escolar</ownerDesignName>
<referredTableLongName>Usuario</referredTableLongName>
<deleteRule>NO ACTION</deleteRule>
<referredTableID>83F8AFD3-00D1-D2B2-E75A-D2AD060903A9</referredTableID>
<keyObject>500DEDD7-4B5F-9FA1-863E-2C8CBA14CC32</keyObject>
<referredKeyID>500DEDD7-4B5F-9FA1-863E-2C8CBA14CC32</referredKeyID>
<mandatory>true</mandatory>
<refColNames>rut_usuario</refColNames>
<transferable>true</transferable>
<rely>false</rely>
<columnDependencyConstraintGenerateInDDL>true</columnDependencyConstraintGenerateInDDL>
</FKIndexAssociation>