<?xml version = '1.0' encoding = 'UTF-8'?>
<FKIndexAssociation class="oracle.dbtools.crest.model.design.relational.FKIndexAssociation" directorySegmentName="seg_0" id="6ACAB70E-138C-1CC1-1919-15DF4BAD66F2" containerWithKeyObject="A004DD27-A348-9431-EB98-1E9DAB48B22E" localFKIndex="E14F3528-3DAB-D8F9-BDE0-7F7A504380E5" name="anno_curso_Alumno_FK">
<createdBy>DREAMFYRE 5</createdBy>
<createdTime>2024-09-25 03:44:06 UTC</createdTime>
<generatorID>1C9E477E-566A-C236-CF04-9BD2DA60C7F2</generatorID>
<ownerDesignName>DB sistema monitoreo escolar</ownerDesignName>
<referredTableLongName>Alumno</referredTableLongName>
<deleteRule>NO ACTION</deleteRule>
<referredTableID>CCED5BC7-1697-E54B-49FA-3F0512DBC5E0</referredTableID>
<keyObject>AABE664C-3564-D4F6-043E-65C4A6E38D2C</keyObject>
<referredKeyID>AABE664C-3564-D4F6-043E-65C4A6E38D2C</referredKeyID>
<mandatory>true</mandatory>
<refColNames>rut_alumno</refColNames>
<transferable>true</transferable>
<rely>false</rely>
<columnDependencyConstraintGenerateInDDL>true</columnDependencyConstraintGenerateInDDL>
</FKIndexAssociation>