<?xml version = '1.0' encoding = 'UTF-8'?>
<FKIndexAssociation class="oracle.dbtools.crest.model.design.relational.FKIndexAssociation" directorySegmentName="seg_0" id="70D6B994-8E43-84FD-AB95-D253A7399926" containerWithKeyObject="59B187D0-6C23-6F72-AB84-64D317CB75C0" localFKIndex="EB402FF9-5CE9-0394-D5FC-C5794E073B04" name="Apoderado_alumno_Apoderado_FK">
<createdBy>DREAMFYRE 5</createdBy>
<createdTime>2024-09-25 03:44:06 UTC</createdTime>
<generatorID>A9702355-418B-F972-8A9B-F378F69A6DE1</generatorID>
<ownerDesignName>DB sistema monitoreo escolar</ownerDesignName>
<referredTableLongName>Apoderado</referredTableLongName>
<deleteRule>NO ACTION</deleteRule>
<referredTableID>F589501F-9013-52CA-693D-9CB3FF555EF2</referredTableID>
<keyObject>5DCF42B8-84E5-537D-35A4-2986BF24F567</keyObject>
<referredKeyID>5DCF42B8-84E5-537D-35A4-2986BF24F567</referredKeyID>
<mandatory>true</mandatory>
<refColNames>rut_apoderado</refColNames>
<transferable>true</transferable>
<rely>false</rely>
<columnDependencyConstraintGenerateInDDL>true</columnDependencyConstraintGenerateInDDL>
</FKIndexAssociation>