<?xml version = '1.0' encoding = 'UTF-8'?>
<FKIndexAssociation class="oracle.dbtools.crest.model.design.relational.FKIndexAssociation" directorySegmentName="seg_0" id="8909F63D-F813-8D32-E482-0E033DC7AE82" containerWithKeyObject="225E45A8-6E8F-007B-6944-2923C6DF290D" localFKIndex="4BBFFAD7-D2F1-345A-62ED-8B9199D13290" name="Asignatura_curso_Asignatura_FK">
<createdBy>DREAMFYRE 5</createdBy>
<createdTime>2024-09-25 03:44:06 UTC</createdTime>
<generatorID>ABF770D0-F950-4A92-C5FE-D27F59D1F662</generatorID>
<ownerDesignName>DB sistema monitoreo escolar</ownerDesignName>
<referredTableLongName>Asignatura</referredTableLongName>
<deleteRule>NO ACTION</deleteRule>
<referredTableID>4CB1B28E-33DD-122F-C4D6-22FB8C15D925</referredTableID>
<keyObject>9AF03CB7-E6BD-9D5C-D6FB-A4C409DE468F</keyObject>
<referredKeyID>9AF03CB7-E6BD-9D5C-D6FB-A4C409DE468F</referredKeyID>
<mandatory>true</mandatory>
<refColNames>id_asignatura,nombre_asignatura</refColNames>
<transferable>true</transferable>
<rely>false</rely>
<columnDependencyConstraintGenerateInDDL>true</columnDependencyConstraintGenerateInDDL>
</FKIndexAssociation>