<?xml version = '1.0' encoding = 'UTF-8'?>
<FKIndexAssociation class="oracle.dbtools.crest.model.design.relational.FKIndexAssociation" directorySegmentName="seg_0" id="97F69E75-DF16-C453-A2AC-65CA0AB4B67A" containerWithKeyObject="59B187D0-6C23-6F72-AB84-64D317CB75C0" localFKIndex="900AC343-86FB-6AC1-AB1C-456AAD9A433B" name="Apoderado_alumno_Alumno_FK">
<createdBy>DREAMFYRE 5</createdBy>
<createdTime>2024-09-25 03:44:06 UTC</createdTime>
<generatorID>889D08A2-1FAB-7813-8ED2-1D77DB088D0D</generatorID>
<ownerDesignName>DB sistema monitoreo escolar</ownerDesignName>
<referredTableLongName>Alumno</referredTableLongName>
<deleteRule>NO ACTION</deleteRule>
<referredTableID>CCED5BC7-1697-E54B-49FA-3F0512DBC5E0</referredTableID>
<keyObject>AABE664C-3564-D4F6-043E-65C4A6E38D2C</keyObject>
<referredKeyID>AABE664C-3564-D4F6-043E-65C4A6E38D2C</referredKeyID>
<mandatory>true</mandatory>
<refColNames>rut_alumno</refColNames>
<transferable>true</transferable>
<rely>false</rely>
<columnDependencyConstraintGenerateInDDL>true</columnDependencyConstraintGenerateInDDL>
</FKIndexAssociation>