<?xml version = '1.0' encoding = 'UTF-8'?>
<FKIndexAssociation class="oracle.dbtools.crest.model.design.relational.FKIndexAssociation" directorySegmentName="seg_0" id="9C299730-DD11-4E82-E35E-7693EEF4C5BC" containerWithKeyObject="81F13D38-D3A2-48AB-EE78-B46C53453A11" localFKIndex="82500D37-32F2-C6B1-6EE7-86C1BB1EE4A3" name="Asistencia_Alumno_FK">
<createdBy>DREAMFYRE 5</createdBy>
<createdTime>2024-09-25 03:44:06 UTC</createdTime>
<generatorID>869E0887-305C-5C4D-74DC-663927FF2959</generatorID>
<ownerDesignName>DB sistema monitoreo escolar</ownerDesignName>
<referredTableLongName>Alumno</referredTableLongName>
<deleteRule>NO ACTION</deleteRule>
<referredTableID>CCED5BC7-1697-E54B-49FA-3F0512DBC5E0</referredTableID>
<keyObject>AABE664C-3564-D4F6-043E-65C4A6E38D2C</keyObject>
<referredKeyID>AABE664C-3564-D4F6-043E-65C4A6E38D2C</referredKeyID>
<mandatory>true</mandatory>
<refColNames>rut_alumno</refColNames>
<transferable>true</transferable>
<rely>false</rely>
<columnDependencyConstraintGenerateInDDL>true</columnDependencyConstraintGenerateInDDL>
</FKIndexAssociation>