<?xml version = '1.0' encoding = 'UTF-8'?>
<FKIndexAssociation class="oracle.dbtools.crest.model.design.relational.FKIndexAssociation" directorySegmentName="seg_0" id="AB7499DB-4B2D-F5DA-E6E3-D6994F36C971" containerWithKeyObject="5616F85C-01D1-B5B3-1D56-F811172777A9" localFKIndex="E20CE4DC-CACD-024A-C3A4-F9A0FA168356" name="Administrador_Usuario_FK">
<createdBy>DREAMFYRE 5</createdBy>
<createdTime>2024-09-30 06:17:41 UTC</createdTime>
<generatorID>E4B02436-CCF7-E927-E3D8-E0B49CC12499</generatorID>
<ownerDesignName>DB sistema monitoreo escolar</ownerDesignName>
<referredTableLongName>Usuario</referredTableLongName>
<deleteRule>NO ACTION</deleteRule>
<referredTableID>83F8AFD3-00D1-D2B2-E75A-D2AD060903A9</referredTableID>
<keyObject>500DEDD7-4B5F-9FA1-863E-2C8CBA14CC32</keyObject>
<referredKeyID>500DEDD7-4B5F-9FA1-863E-2C8CBA14CC32</referredKeyID>
<mandatory>true</mandatory>
<refColNames>rut_usuario</refColNames>
<transferable>true</transferable>
<rely>false</rely>
<columnDependencyConstraintGenerateInDDL>true</columnDependencyConstraintGenerateInDDL>
</FKIndexAssociation>