<?xml version = '1.0' encoding = 'UTF-8'?>
<FKIndexAssociation class="oracle.dbtools.crest.model.design.relational.FKIndexAssociation" directorySegmentName="seg_0" id="ABD9215D-ECF3-97B4-E061-801E4BA90BE6" containerWithKeyObject="A004DD27-A348-9431-EB98-1E9DAB48B22E" localFKIndex="72A37021-A6E8-73D1-21CD-CE0F5212556F" name="anno_curso_Profesor_FK">
<createdBy>vina</createdBy>
<createdTime>2024-09-30 18:50:50 UTC</createdTime>
<generatorID>A6E61C02-DB46-498B-74E0-E358688BECE8</generatorID>
<ownerDesignName>DB sistema monitoreo escolar</ownerDesignName>
<referredTableLongName>Profesor</referredTableLongName>
<deleteRule>NO ACTION</deleteRule>
<referredTableID>C2D134D9-20F6-8FAE-4151-A99375FE02B2</referredTableID>
<keyObject>17DBA081-DA79-ABF2-1CF5-4D57A2F7BEA8</keyObject>
<referredKeyID>17DBA081-DA79-ABF2-1CF5-4D57A2F7BEA8</referredKeyID>
<mandatory>true</mandatory>
<refColNames>rut_profesor</refColNames>
<transferable>true</transferable>
<rely>false</rely>
<columnDependencyConstraintGenerateInDDL>true</columnDependencyConstraintGenerateInDDL>
</FKIndexAssociation>