<?xml version = '1.0' encoding = 'UTF-8'?>
<FKIndexAssociation class="oracle.dbtools.crest.model.design.relational.FKIndexAssociation" directorySegmentName="seg_0" id="CA775F0B-9C27-233D-281C-8C40F2D5B0C9" containerWithKeyObject="83F8AFD3-00D1-D2B2-E75A-D2AD060903A9" localFKIndex="557B2651-2184-7881-9AFD-743F7DEB68AB" name="Usuario_Profesor_FK">
<createdBy>DREAMFYRE 5</createdBy>
<createdTime>2024-09-30 06:17:41 UTC</createdTime>
<generatorID>38D58C03-F548-B969-B0A3-738D5BFA4D8F</generatorID>
<ownerDesignName>DB sistema monitoreo escolar</ownerDesignName>
<referredTableLongName>Profesor</referredTableLongName>
<deleteRule>NO ACTION</deleteRule>
<referredTableID>C2D134D9-20F6-8FAE-4151-A99375FE02B2</referredTableID>
<keyObject>17DBA081-DA79-ABF2-1CF5-4D57A2F7BEA8</keyObject>
<referredKeyID>17DBA081-DA79-ABF2-1CF5-4D57A2F7BEA8</referredKeyID>
<mandatory>true</mandatory>
<refColNames>rut_profesor</refColNames>
<transferable>true</transferable>
<rely>false</rely>
<columnDependencyConstraintGenerateInDDL>true</columnDependencyConstraintGenerateInDDL>
</FKIndexAssociation>