<?xml version = '1.0' encoding = 'UTF-8'?>
<FKIndexAssociation class="oracle.dbtools.crest.model.design.relational.FKIndexAssociation" directorySegmentName="seg_0" id="D300EC05-573B-6226-F1C0-5AE1E96D033B" containerWithKeyObject="64106350-6A3D-FC2F-5A5A-2EF6AF913250" localFKIndex="884D19BF-119F-3506-21D5-76F172DDC30B" name="Asignatura_profesor_Asignatura_FK">
<createdBy>DREAMFYRE 5</createdBy>
<createdTime>2024-09-25 03:44:06 UTC</createdTime>
<generatorID>61B28554-D9E6-D81C-FF0D-487705A1E017</generatorID>
<ownerDesignName>DB sistema monitoreo escolar</ownerDesignName>
<referredTableLongName>Asignatura</referredTableLongName>
<deleteRule>NO ACTION</deleteRule>
<referredTableID>4CB1B28E-33DD-122F-C4D6-22FB8C15D925</referredTableID>
<keyObject>9AF03CB7-E6BD-9D5C-D6FB-A4C409DE468F</keyObject>
<referredKeyID>9AF03CB7-E6BD-9D5C-D6FB-A4C409DE468F</referredKeyID>
<mandatory>true</mandatory>
<refColNames>id_asignatura,nombre_asignatura</refColNames>
<transferable>true</transferable>
<rely>false</rely>
<columnDependencyConstraintGenerateInDDL>true</columnDependencyConstraintGenerateInDDL>
</FKIndexAssociation>