<?xml version = '1.0' encoding = 'UTF-8'?>
<FKIndexAssociation class="oracle.dbtools.crest.model.design.relational.FKIndexAssociation" directorySegmentName="seg_0" id="D90A3C78-DC8D-AFF3-9400-87E6DE091B68" containerWithKeyObject="7A32A8ED-00C5-9DF4-5A3E-919616E0C82C" localFKIndex="799814A0-C4D0-9408-CE01-F3A4E927BA28" name="Anotacion_Alumno_FK">
<createdBy>DREAMFYRE 5</createdBy>
<createdTime>2024-09-25 03:44:06 UTC</createdTime>
<generatorID>CD9D8254-AA5F-778B-312F-40894DA193C9</generatorID>
<ownerDesignName>DB sistema monitoreo escolar</ownerDesignName>
<referredTableLongName>Alumno</referredTableLongName>
<deleteRule>NO ACTION</deleteRule>
<referredTableID>CCED5BC7-1697-E54B-49FA-3F0512DBC5E0</referredTableID>
<keyObject>AABE664C-3564-D4F6-043E-65C4A6E38D2C</keyObject>
<referredKeyID>AABE664C-3564-D4F6-043E-65C4A6E38D2C</referredKeyID>
<mandatory>true</mandatory>
<refColNames>rut_alumno</refColNames>
<transferable>true</transferable>
<rely>false</rely>
<columnDependencyConstraintGenerateInDDL>true</columnDependencyConstraintGenerateInDDL>
</FKIndexAssociation>