<?xml version = '1.0' encoding = 'UTF-8'?>
<FKIndexAssociation class="oracle.dbtools.crest.model.design.relational.FKIndexAssociation" directorySegmentName="seg_0" id="DE02402C-DDD4-7CF0-AE1B-4454A980A357" containerWithKeyObject="5EF801B3-8162-4EFA-7745-00128FF94CCD" localFKIndex="E5D08D0D-50AF-49B8-BB36-6C7271AD466D" name="Nota_Alumno_FK">
<createdBy>DREAMFYRE 5</createdBy>
<createdTime>2024-09-25 03:44:06 UTC</createdTime>
<generatorID>3F37EDB7-F530-8661-C863-1701CEAFCD0D</generatorID>
<ownerDesignName>DB sistema monitoreo escolar</ownerDesignName>
<referredTableLongName>Alumno</referredTableLongName>
<deleteRule>NO ACTION</deleteRule>
<referredTableID>CCED5BC7-1697-E54B-49FA-3F0512DBC5E0</referredTableID>
<keyObject>AABE664C-3564-D4F6-043E-65C4A6E38D2C</keyObject>
<referredKeyID>AABE664C-3564-D4F6-043E-65C4A6E38D2C</referredKeyID>
<mandatory>true</mandatory>
<refColNames>rut_alumno</refColNames>
<transferable>true</transferable>
<rely>false</rely>
<columnDependencyConstraintGenerateInDDL>true</columnDependencyConstraintGenerateInDDL>
</FKIndexAssociation>