<?xml version = '1.0' encoding = 'UTF-8'?>
<FKIndexAssociation class="oracle.dbtools.crest.model.design.relational.FKIndexAssociation" directorySegmentName="seg_0" id="F4291F4A-513F-59AD-430A-287A73193E94" containerWithKeyObject="64106350-6A3D-FC2F-5A5A-2EF6AF913250" localFKIndex="7E1D9DD4-993A-7851-49E7-4F1705266E22" name="Asignatura_profesor_Profesor_FK">
<createdBy>DREAMFYRE 5</createdBy>
<createdTime>2024-09-25 03:44:06 UTC</createdTime>
<generatorID>DE9C11DC-77EA-26D5-B622-957A028872D2</generatorID>
<ownerDesignName>DB sistema monitoreo escolar</ownerDesignName>
<referredTableLongName>Profesor</referredTableLongName>
<deleteRule>NO ACTION</deleteRule>
<referredTableID>C2D134D9-20F6-8FAE-4151-A99375FE02B2</referredTableID>
<keyObject>17DBA081-DA79-ABF2-1CF5-4D57A2F7BEA8</keyObject>
<referredKeyID>17DBA081-DA79-ABF2-1CF5-4D57A2F7BEA8</referredKeyID>
<mandatory>true</mandatory>
<refColNames>rut_profesor</refColNames>
<transferable>true</transferable>
<rely>false</rely>
<columnDependencyConstraintGenerateInDDL>true</columnDependencyConstraintGenerateInDDL>
</FKIndexAssociation>