<?xml version = '1.0' encoding = 'UTF-8'?>
<Relation class="oracle.dbtools.crest.model.design.logical.Relation" name="Relation_34" directorySegmentName="seg_0" id="02360F4C-0DA4-BDD2-2DE9-5CFC7F147A70">
<createdBy>DREAMFYRE 5</createdBy>
<createdTime>2024-09-30 06:16:36 UTC</createdTime>
<ownerDesignName>DB sistema monitoreo escolar</ownerDesignName>
<engineerTo>
<item key="4613A227-EBB3-0C07-B487-262494F1A52B" value="true"/>
</engineerTo>
<sourcePk>5A00DF33-3C74-6530-08F3-18D663418AEE</sourcePk>
<identifying>true</identifying>
<optionalSource>false</optionalSource>
<optionalTarget>false</optionalTarget>
<sourceCardinality>1</sourceCardinality>
<sourceEntity>AFC60891-3070-0A39-CB38-57C17FB5844A</sourceEntity>
<targetCardinalityString>*</targetCardinalityString>
<targetEntity>A477651A-6E8C-C78E-C244-58C1E066CCC2</targetEntity>
<transferable>true</transferable>
<deleteRule>NO ACTION</deleteRule>
</Relation>