<?xml version = '1.0' encoding = 'UTF-8'?>
<Relation class="oracle.dbtools.crest.model.design.logical.Relation" name="Relation_31" directorySegmentName="seg_0" id="0439C334-50A0-1CD1-A492-39C77466C43D">
<createdBy>DREAMFYRE 5</createdBy>
<createdTime>2024-09-25 03:48:21 UTC</createdTime>
<ownerDesignName>DB sistema monitoreo escolar</ownerDesignName>
<engineerTo>
<item key="4613A227-EBB3-0C07-B487-262494F1A52B" value="true"/>
</engineerTo>
<sourcePk>42619F5C-90C1-1C11-9957-3F488737CEB9</sourcePk>
<identifying>false</identifying>
<optionalSource>false</optionalSource>
<optionalTarget>false</optionalTarget>
<sourceCardinality>1</sourceCardinality>
<sourceEntity>DAE8FDA3-3DFB-C37D-EEEE-5DBF441C4657</sourceEntity>
<targetCardinalityString>1</targetCardinalityString>
<targetEntity>62510D1B-F51A-70F9-6E55-314BA32D6F59</targetEntity>
<transferable>true</transferable>
<deleteRule>NO ACTION</deleteRule>
</Relation>