<?xml version = '1.0' encoding = 'UTF-8'?>
<Relation class="oracle.dbtools.crest.model.design.logical.Relation" name="Relation_20" directorySegmentName="seg_0" id="1C9E477E-566A-C236-CF04-9BD2DA60C7F2">
<createdBy>DREAMFYRE 5</createdBy>
<createdTime>2024-09-25 03:35:45 UTC</createdTime>
<ownerDesignName>DB sistema monitoreo escolar</ownerDesignName>
<engineerTo>
<item key="4613A227-EBB3-0C07-B487-262494F1A52B" value="true"/>
</engineerTo>
<sourcePk>6AD7BE29-F843-D223-6545-A44B5E53B35B</sourcePk>
<identifying>false</identifying>
<optionalSource>false</optionalSource>
<optionalTarget>false</optionalTarget>
<sourceCardinality>1</sourceCardinality>
<sourceEntity>AAE06E84-3E87-7655-72E9-8876C465AE8A</sourceEntity>
<targetCardinalityString>*</targetCardinalityString>
<targetEntity>BD2D0C65-7DB0-48F9-322C-0F91397923D8</targetEntity>
<transferable>true</transferable>
<deleteRule>NO ACTION</deleteRule>
</Relation>