<?xml version = '1.0' encoding = 'UTF-8'?>
<Relation class="oracle.dbtools.crest.model.design.logical.Relation" name="Relation_9" directorySegmentName="seg_0" id="38D58C03-F548-B969-B0A3-738D5BFA4D8F">
<createdBy>DREAMFYRE 5</createdBy>
<createdTime>2024-09-24 01:27:46 UTC</createdTime>
<ownerDesignName>DB sistema monitoreo escolar</ownerDesignName>
<engineerTo>
<item key="4613A227-EBB3-0C07-B487-262494F1A52B" value="true"/>
</engineerTo>
<sourcePk>A6E61C02-DB46-498B-74E0-E358688BECE8</sourcePk>
<targetPk>80DD10F6-FBCB-EE5F-84E3-85066E3C8A6B</targetPk>
<identifying>false</identifying>
<optionalSource>false</optionalSource>
<optionalTarget>false</optionalTarget>
<sourceCardinality>1</sourceCardinality>
<sourceEntity>F399BAAE-3492-9306-BDD2-02529FA97AFA</sourceEntity>
<targetCardinalityString>1</targetCardinalityString>
<targetEntity>FD289B5B-D84D-9155-49BD-EC130B665573</targetEntity>
<transferable>true</transferable>
<deleteRule>NO ACTION</deleteRule>
</Relation>