<?xml version = '1.0' encoding = 'UTF-8'?>
<Relation class="oracle.dbtools.crest.model.design.logical.Relation" name="Relation_29" directorySegmentName="seg_0" id="57B42F1E-D7DE-41DC-59F7-F9DF8D5F8731">
<createdBy>DREAMFYRE 5</createdBy>
<createdTime>2024-09-25 03:47:14 UTC</createdTime>
<ownerDesignName>DB sistema monitoreo escolar</ownerDesignName>
<engineerTo>
<item key="4613A227-EBB3-0C07-B487-262494F1A52B" value="true"/>
</engineerTo>
<sourcePk>80DD10F6-FBCB-EE5F-84E3-85066E3C8A6B</sourcePk>
<targetPk>513CE755-CEFA-335D-4879-CD0A46DDE236</targetPk>
<identifying>false</identifying>
<optionalSource>false</optionalSource>
<optionalTarget>false</optionalTarget>
<sourceCardinality>1</sourceCardinality>
<sourceEntity>FD289B5B-D84D-9155-49BD-EC130B665573</sourceEntity>
<targetCardinalityString>1</targetCardinalityString>
<targetEntity>6A40953B-B182-2F7F-9DD6-2893D891E9EB</targetEntity>
<transferable>true</transferable>
<deleteRule>NO ACTION</deleteRule>
</Relation>