<?xml version = '1.0' encoding = 'UTF-8'?>
<Relation class="oracle.dbtools.crest.model.design.logical.Relation" name="Relation_25" directorySegmentName="seg_0" id="61B28554-D9E6-D81C-FF0D-487705A1E017">
<createdBy>DREAMFYRE 5</createdBy>
<createdTime>2024-09-25 03:42:28 UTC</createdTime>
<ownerDesignName>DB sistema monitoreo escolar</ownerDesignName>
<engineerTo>
<item key="4613A227-EBB3-0C07-B487-262494F1A52B" value="true"/>
</engineerTo>
<sourcePk>2FF33F8B-81DF-640D-800E-7F383998CF8D</sourcePk>
<identifying>false</identifying>
<optionalSource>false</optionalSource>
<optionalTarget>false</optionalTarget>
<sourceCardinality>1</sourceCardinality>
<sourceEntity>ECCD510B-0EF5-FF8F-442F-A54957047C01</sourceEntity>
<targetCardinalityString>*</targetCardinalityString>
<targetEntity>D342CD56-CE1C-3CD9-9559-1970FF89FC7B</targetEntity>
<transferable>true</transferable>
<deleteRule>NO ACTION</deleteRule>
</Relation>