<?xml version = '1.0' encoding = 'UTF-8'?>
<Relation class="oracle.dbtools.crest.model.design.logical.Relation" name="Relation_24" directorySegmentName="seg_0" id="7EB13469-C072-A714-068C-6B1879DC5EE2">
<createdBy>DREAMFYRE 5</createdBy>
<createdTime>2024-09-25 03:40:17 UTC</createdTime>
<ownerDesignName>DB sistema monitoreo escolar</ownerDesignName>
<engineerTo>
<item key="4613A227-EBB3-0C07-B487-262494F1A52B" value="true"/>
</engineerTo>
<sourcePk>A6E61C02-DB46-498B-74E0-E358688BECE8</sourcePk>
<identifying>false</identifying>
<optionalSource>false</optionalSource>
<optionalTarget>false</optionalTarget>
<sourceCardinality>1</sourceCardinality>
<sourceEntity>F399BAAE-3492-9306-BDD2-02529FA97AFA</sourceEntity>
<targetCardinalityString>*</targetCardinalityString>
<targetEntity>FCDD4D91-5034-0144-5DA4-08B3D37D965B</targetEntity>
<transferable>true</transferable>
<deleteRule>NO ACTION</deleteRule>
</Relation>