<?xml version = '1.0' encoding = 'UTF-8'?>
<Relation class="oracle.dbtools.crest.model.design.logical.Relation" name="Relation_21" directorySegmentName="seg_0" id="8131890C-DF2F-AC8B-BCE8-A6381EC39042">
<createdBy>DREAMFYRE 5</createdBy>
<createdTime>2024-09-25 03:35:50 UTC</createdTime>
<ownerDesignName>DB sistema monitoreo escolar</ownerDesignName>
<engineerTo>
<item key="4613A227-EBB3-0C07-B487-262494F1A52B" value="true"/>
</engineerTo>
<sourcePk>42619F5C-90C1-1C11-9957-3F488737CEB9</sourcePk>
<identifying>false</identifying>
<optionalSource>false</optionalSource>
<optionalTarget>false</optionalTarget>
<sourceCardinality>1</sourceCardinality>
<sourceEntity>DAE8FDA3-3DFB-C37D-EEEE-5DBF441C4657</sourceEntity>
<targetCardinalityString>*</targetCardinalityString>
<targetEntity>BD2D0C65-7DB0-48F9-322C-0F91397923D8</targetEntity>
<transferable>true</transferable>
<deleteRule>NO ACTION</deleteRule>
</Relation>