<?xml version = '1.0' encoding = 'UTF-8'?>
<Relation class="oracle.dbtools.crest.model.design.logical.Relation" name="Relation_18" directorySegmentName="seg_0" id="8F4F261B-B11B-1C48-CA3F-BDA7C9CAD078">
<createdBy>DREAMFYRE 5</createdBy>
<createdTime>2024-09-25 03:34:57 UTC</createdTime>
<ownerDesignName>DB sistema monitoreo escolar</ownerDesignName>
<engineerTo>
<item key="4613A227-EBB3-0C07-B487-262494F1A52B" value="true"/>
</engineerTo>
<sourcePk>42619F5C-90C1-1C11-9957-3F488737CEB9</sourcePk>
<identifying>false</identifying>
<optionalSource>false</optionalSource>
<optionalTarget>false</optionalTarget>
<sourceCardinality>1</sourceCardinality>
<sourceEntity>DAE8FDA3-3DFB-C37D-EEEE-5DBF441C4657</sourceEntity>
<targetCardinalityString>*</targetCardinalityString>
<targetEntity>A477651A-6E8C-C78E-C244-58C1E066CCC2</targetEntity>
<transferable>true</transferable>
<deleteRule>NO ACTION</deleteRule>
</Relation>