<?xml version = '1.0' encoding = 'UTF-8'?>
<Relation class="oracle.dbtools.crest.model.design.logical.Relation" name="Relation_17" directorySegmentName="seg_0" id="9CD5D4A2-E3A9-1B41-4AF1-5A35143D4A33">
<createdBy>DREAMFYRE 5</createdBy>
<createdTime>2024-09-25 03:31:32 UTC</createdTime>
<ownerDesignName>DB sistema monitoreo escolar</ownerDesignName>
<engineerTo>
<item key="4613A227-EBB3-0C07-B487-262494F1A52B" value="true"/>
</engineerTo>
<sourcePk>DD9B3FF6-976D-D69C-06C7-FE5105BE79AA</sourcePk>
<identifying>false</identifying>
<optionalSource>false</optionalSource>
<optionalTarget>false</optionalTarget>
<sourceCardinality>1</sourceCardinality>
<sourceEntity>1843DDF3-E663-19CC-3DD9-640F5FE58B00</sourceEntity>
<targetCardinalityString>*</targetCardinalityString>
<targetEntity>FCDD4D91-5034-0144-5DA4-08B3D37D965B</targetEntity>
<transferable>true</transferable>
<deleteRule>NO ACTION</deleteRule>
</Relation>