<?xml version = '1.0' encoding = 'UTF-8'?>
<Relation class="oracle.dbtools.crest.model.design.logical.Relation" name="Relation_27" directorySegmentName="seg_0" id="A9702355-418B-F972-8A9B-F378F69A6DE1">
<createdBy>DREAMFYRE 5</createdBy>
<createdTime>2024-09-25 03:43:34 UTC</createdTime>
<ownerDesignName>DB sistema monitoreo escolar</ownerDesignName>
<engineerTo>
<item key="4613A227-EBB3-0C07-B487-262494F1A52B" value="true"/>
</engineerTo>
<sourcePk>513CE755-CEFA-335D-4879-CD0A46DDE236</sourcePk>
<identifying>false</identifying>
<optionalSource>false</optionalSource>
<optionalTarget>false</optionalTarget>
<sourceCardinality>1</sourceCardinality>
<sourceEntity>6A40953B-B182-2F7F-9DD6-2893D891E9EB</sourceEntity>
<targetCardinalityString>*</targetCardinalityString>
<targetEntity>05240C15-4613-55C9-C5CD-5E93661EA6C6</targetEntity>
<transferable>true</transferable>
<deleteRule>NO ACTION</deleteRule>
</Relation>