<?xml version = '1.0' encoding = 'UTF-8'?>
<Relation class="oracle.dbtools.crest.model.design.logical.Relation" name="Relation_19" directorySegmentName="seg_0" id="ABF770D0-F950-4A92-C5FE-D27F59D1F662">
<createdBy>DREAMFYRE 5</createdBy>
<createdTime>2024-09-25 03:35:04 UTC</createdTime>
<ownerDesignName>DB sistema monitoreo escolar</ownerDesignName>
<engineerTo>
<item key="4613A227-EBB3-0C07-B487-262494F1A52B" value="true"/>
</engineerTo>
<sourcePk>2FF33F8B-81DF-640D-800E-7F383998CF8D</sourcePk>
<identifying>false</identifying>
<optionalSource>false</optionalSource>
<optionalTarget>false</optionalTarget>
<sourceCardinality>1</sourceCardinality>
<sourceEntity>ECCD510B-0EF5-FF8F-442F-A54957047C01</sourceEntity>
<targetCardinalityString>*</targetCardinalityString>
<targetEntity>A477651A-6E8C-C78E-C244-58C1E066CCC2</targetEntity>
<transferable>true</transferable>
<deleteRule>NO ACTION</deleteRule>
</Relation>