<?xml version = '1.0' encoding = 'UTF-8'?>
<Relation class="oracle.dbtools.crest.model.design.logical.Relation" name="Relation_5" directorySegmentName="seg_0" id="CD9D8254-AA5F-778B-312F-40894DA193C9">
<createdBy>DREAMFYRE 5</createdBy>
<createdTime>2024-09-24 01:18:07 UTC</createdTime>
<ownerDesignName>DB sistema monitoreo escolar</ownerDesignName>
<engineerTo>
<item key="4613A227-EBB3-0C07-B487-262494F1A52B" value="true"/>
</engineerTo>
<sourcePk>6AD7BE29-F843-D223-6545-A44B5E53B35B</sourcePk>
<identifying>false</identifying>
<optionalSource>false</optionalSource>
<optionalTarget>false</optionalTarget>
<sourceCardinality>1</sourceCardinality>
<sourceEntity>AAE06E84-3E87-7655-72E9-8876C465AE8A</sourceEntity>
<targetCardinalityString>*</targetCardinalityString>
<targetEntity>FCDD4D91-5034-0144-5DA4-08B3D37D965B</targetEntity>
<transferable>true</transferable>
<deleteRule>NO ACTION</deleteRule>
</Relation>