<?xml version = '1.0' encoding = 'UTF-8'?>
<Relation class="oracle.dbtools.crest.model.design.logical.Relation" name="Relation_26" directorySegmentName="seg_0" id="DE9C11DC-77EA-26D5-B622-957A028872D2">
<createdBy>DREAMFYRE 5</createdBy>
<createdTime>2024-09-25 03:42:32 UTC</createdTime>
<ownerDesignName>DB sistema monitoreo escolar</ownerDesignName>
<engineerTo>
<item key="4613A227-EBB3-0C07-B487-262494F1A52B" value="true"/>
</engineerTo>
<sourcePk>A6E61C02-DB46-498B-74E0-E358688BECE8</sourcePk>
<identifying>false</identifying>
<optionalSource>false</optionalSource>
<optionalTarget>false</optionalTarget>
<sourceCardinality>1</sourceCardinality>
<sourceEntity>F399BAAE-3492-9306-BDD2-02529FA97AFA</sourceEntity>
<targetCardinalityString>*</targetCardinalityString>
<targetEntity>D342CD56-CE1C-3CD9-9559-1970FF89FC7B</targetEntity>
<transferable>true</transferable>
<deleteRule>NO ACTION</deleteRule>
</Relation>