<?xml version = '1.0' encoding = 'UTF-8'?>
<Relation class="oracle.dbtools.crest.model.design.logical.Relation" name="Relation_10" directorySegmentName="seg_0" id="E4B02436-CCF7-E927-E3D8-E0B49CC12499">
<createdBy>DREAMFYRE 5</createdBy>
<createdTime>2024-09-24 01:28:05 UTC</createdTime>
<ownerDesignName>DB sistema monitoreo escolar</ownerDesignName>
<engineerTo>
<item key="4613A227-EBB3-0C07-B487-262494F1A52B" value="true"/>
</engineerTo>
<sourcePk>602BA951-0147-5FB7-D4E7-24205EF41838</sourcePk>
<targetPk>80DD10F6-FBCB-EE5F-84E3-85066E3C8A6B</targetPk>
<identifying>false</identifying>
<optionalSource>false</optionalSource>
<optionalTarget>false</optionalTarget>
<sourceCardinality>1</sourceCardinality>
<sourceEntity>8E4AE870-2CDB-4999-5CA3-BB565CBED9CA</sourceEntity>
<targetCardinalityString>1</targetCardinalityString>
<targetEntity>FD289B5B-D84D-9155-49BD-EC130B665573</targetEntity>
<transferable>true</transferable>
<deleteRule>NO ACTION</deleteRule>
</Relation>