<?xml version = '1.0' encoding = 'UTF-8'?>
<Relation class="oracle.dbtools.crest.model.design.logical.Relation" name="Relation_30" directorySegmentName="seg_0" id="F5A0EF8D-CC7C-C5E3-102E-A1074CBD8DBF">
<createdBy>DREAMFYRE 5</createdBy>
<createdTime>2024-09-25 03:48:00 UTC</createdTime>
<ownerDesignName>DB sistema monitoreo escolar</ownerDesignName>
<engineerTo>
<item key="4613A227-EBB3-0C07-B487-262494F1A52B" value="true"/>
</engineerTo>
<sourcePk>A6E61C02-DB46-498B-74E0-E358688BECE8</sourcePk>
<identifying>false</identifying>
<optionalSource>false</optionalSource>
<optionalTarget>false</optionalTarget>
<sourceCardinality>1</sourceCardinality>
<sourceEntity>F399BAAE-3492-9306-BDD2-02529FA97AFA</sourceEntity>
<targetCardinalityString>1</targetCardinalityString>
<targetEntity>62510D1B-F51A-70F9-6E55-314BA32D6F59</targetEntity>
<transferable>true</transferable>
<deleteRule>NO ACTION</deleteRule>
</Relation>