<?xml version = '1.0' encoding = 'UTF-8'?>
<Table class="oracle.dbtools.crest.model.design.relational.Table" directorySegmentName="seg_0" id="1003DA7C-3C4D-13D4-030B-03955723892A" name="Tipo_anotacion">
<createdBy>DREAMFYRE 5</createdBy>
<createdTime>2024-09-25 03:44:06 UTC</createdTime>
<generatorID>1843DDF3-E663-19CC-3DD9-640F5FE58B00</generatorID>
<ownerDesignName>DB sistema monitoreo escolar</ownerDesignName>
<allowColumnReorder>false</allowColumnReorder>
<existDependencyGenerateInDDl>true</existDependencyGenerateInDDl>
<parsed>true</parsed>
<columns itemClass="oracle.dbtools.crest.model.design.relational.Column">
<Column name="id_anotacion" id="923349CD-0466-F937-EF52-A966F5FB0E6C">
<createdBy>DREAMFYRE 5</createdBy>
<createdTime>2024-09-25 03:44:06 UTC</createdTime>
<generatorID>30F42999-126A-6010-5892-AED5B413B2B6</generatorID>
<ownerDesignName>DB sistema monitoreo escolar</ownerDesignName>
<useDomainConstraints>false</useDomainConstraints>
<use>1</use>
<logicalDatatype>LOGDT019</logicalDatatype>
<ownDataTypeParameters>,,</ownDataTypeParameters>
<autoIncrementCycle>false</autoIncrementCycle>
</Column>
<Column name="positiva" id="0D2156B3-9D0E-BFDF-25B3-6F32550AA4B6">
<createdBy>DREAMFYRE 5</createdBy>
<createdTime>2024-09-25 03:44:06 UTC</createdTime>
<generatorID>3A468C49-0767-E53B-BBF5-4031E7BE342E</generatorID>
<ownerDesignName>DB sistema monitoreo escolar</ownerDesignName>
<useDomainConstraints>false</useDomainConstraints>
<use>1</use>
<logicalDatatype>LOGDT024</logicalDatatype>
<ownDataTypeParameters>,,</ownDataTypeParameters>
<autoIncrementCycle>false</autoIncrementCycle>
</Column>
<Column name="negativa" id="5F3F5283-64E0-C24B-ADC2-457B946BD74F">
<createdBy>DREAMFYRE 5</createdBy>
<createdTime>2024-09-25 03:44:06 UTC</createdTime>
<generatorID>F67F4E3C-5D88-A3A2-CB3A-4420A76DA022</generatorID>
<ownerDesignName>DB sistema monitoreo escolar</ownerDesignName>
<useDomainConstraints>false</useDomainConstraints>
<use>1</use>
<logicalDatatype>LOGDT024</logicalDatatype>
<ownDataTypeParameters>,,</ownDataTypeParameters>
<autoIncrementCycle>false</autoIncrementCycle>
</Column>
</columns>
<indexes itemClass="oracle.dbtools.crest.model.design.relational.Index">
<ind_PK_UK id="06C0170D-0F97-FCD2-A797-BC5DDD10DB43" name="Tipo_anotacion_PK">
<createdBy>DREAMFYRE 5</createdBy>
<createdTime>2024-09-25 03:44:06 UTC</createdTime>
<generatorID>DD9B3FF6-976D-D69C-06C7-FE5105BE79AA</generatorID>
<ownerDesignName>DB sistema monitoreo escolar</ownerDesignName>
<pk>true</pk>
<indexState>Primary Constraint</indexState>
<isSurrogateKey>false</isSurrogateKey>
<indexColumnUsage>
<colUsage columnID="923349CD-0466-F937-EF52-A966F5FB0E6C"/>
</indexColumnUsage>
</ind_PK_UK>
</indexes>
</Table>