<?xml version = '1.0' encoding = 'UTF-8'?>
<Table class="oracle.dbtools.crest.model.design.relational.Table" directorySegmentName="seg_0" id="225E45A8-6E8F-007B-6944-2923C6DF290D" name="Asignatura_curso">
<createdBy>DREAMFYRE 5</createdBy>
<createdTime>2024-09-25 03:44:06 UTC</createdTime>
<generatorID>A477651A-6E8C-C78E-C244-58C1E066CCC2</generatorID>
<ownerDesignName>DB sistema monitoreo escolar</ownerDesignName>
<allowColumnReorder>false</allowColumnReorder>
<existDependencyGenerateInDDl>true</existDependencyGenerateInDDl>
<parsed>true</parsed>
<columns itemClass="oracle.dbtools.crest.model.design.relational.Column">
<Column name="Curso_id_curso" id="7F7EE4C7-02E1-D95A-7CB8-D3E664DAE21A">
<createdBy>DREAMFYRE 5</createdBy>
<createdTime>2024-09-25 03:44:06 UTC</createdTime>
<generatorID>ABBCE895-52BE-572F-4762-3BB1096268DF</generatorID>
<ownerDesignName>DB sistema monitoreo escolar</ownerDesignName>
<useDomainConstraints>false</useDomainConstraints>
<use>1</use>
<logicalDatatype>LOGDT024</logicalDatatype>
<ownDataTypeParameters>,,</ownDataTypeParameters>
<previousColumn>false</previousColumn>
<autoIncrementCycle>false</autoIncrementCycle>
<associations>
<colAssociation fkAssociation="503D7EDB-E985-7942-543A-D7EC1E394416" referredColumn="1054F69D-C4C9-C917-0E3B-E3C2ADC59A3E"/>
</associations>
</Column>
<Column name="Asignatura_id_asignatura" id="76E0319B-EFFE-F94B-C8C6-7BBBADC97ABB">
<createdBy>DREAMFYRE 5</createdBy>
<createdTime>2024-09-25 03:44:06 UTC</createdTime>
<generatorID>3428AF45-7A30-E6AA-07E4-D0646A003CDB</generatorID>
<ownerDesignName>DB sistema monitoreo escolar</ownerDesignName>
<useDomainConstraints>false</useDomainConstraints>
<use>1</use>
<logicalDatatype>LOGDT024</logicalDatatype>
<dataTypeSize>10</dataTypeSize>
<ownDataTypeParameters>10,,</ownDataTypeParameters>
<previousColumn>false</previousColumn>
<autoIncrementCycle>false</autoIncrementCycle>
<associations>
<colAssociation fkAssociation="8909F63D-F813-8D32-E482-0E033DC7AE82" referredColumn="2479CEFE-DFDD-F971-2F41-CB41797F1C18"/>
</associations>
</Column>
<Column name="Asignatura_nombre_asignatura" id="1B4466CF-D276-4937-C295-DED2DADE703A">
<createdBy>DREAMFYRE 5</createdBy>
<createdTime>2024-09-25 03:44:06 UTC</createdTime>
<generatorID>2790A9BE-A8A6-E0F9-3F83-EE5F093CE871</generatorID>
<ownerDesignName>DB sistema monitoreo escolar</ownerDesignName>
<useDomainConstraints>false</useDomainConstraints>
<use>1</use>
<logicalDatatype>LOGDT024</logicalDatatype>
<dataTypeSize>25</dataTypeSize>
<ownDataTypeParameters>25,,</ownDataTypeParameters>
<previousColumn>false</previousColumn>
<autoIncrementCycle>false</autoIncrementCycle>
<associations>
<colAssociation fkAssociation="8909F63D-F813-8D32-E482-0E033DC7AE82" referredColumn="C62295C9-721E-F98A-F6F5-F271183A91A3"/>
</associations>
</Column>
<Column name="Nota_id_nota" id="C1B44421-4A64-7E88-3797-E221C58FC7EA">
<createdBy>DREAMFYRE 5</createdBy>
<createdTime>2024-09-30 06:17:41 UTC</createdTime>
<generatorID>71582F10-B143-C218-8C96-0B308B2B2A9A</generatorID>
<ownerDesignName>DB sistema monitoreo escolar</ownerDesignName>
<useDomainConstraints>false</useDomainConstraints>
<use>1</use>
<logicalDatatype>LOGDT024</logicalDatatype>
<dataTypeSize>15</dataTypeSize>
<ownDataTypeParameters>,,</ownDataTypeParameters>
<previousColumn>false</previousColumn>
<autoIncrementCycle>false</autoIncrementCycle>
<associations>
<colAssociation fkAssociation="19EDDBC8-5B50-36B7-6008-A210BB2E7A2E" referredColumn="4712F3DD-9F1F-519C-91F4-54B388431DEF"/>
</associations>
</Column>
</columns>
<indexes itemClass="oracle.dbtools.crest.model.design.relational.Index">
<ind_PK_UK id="7A58A42A-EE06-6A4C-E084-7A0D2D02AE62" name="Asignatura_curso_PK">
<createdBy>DREAMFYRE 5</createdBy>
<createdTime>2024-09-30 06:17:41 UTC</createdTime>
<generatorID>5DD2829C-4D4C-DDDA-8FFF-BB69E22D1CBC</generatorID>
<ownerDesignName>DB sistema monitoreo escolar</ownerDesignName>
<pk>true</pk>
<indexState>Primary Constraint</indexState>
<isSurrogateKey>false</isSurrogateKey>
<indexColumnUsage>
<colUsage columnID="C1B44421-4A64-7E88-3797-E221C58FC7EA"/>
</indexColumnUsage>
</ind_PK_UK>
<ind_PK_UK id="F0224309-5084-3709-C788-B83D559CBD68" name="Asignatura_curso_Curso_FK">
<createdBy>DREAMFYRE 5</createdBy>
<createdTime>2024-09-25 03:44:06 UTC</createdTime>
<generatorID>8F4F261B-B11B-1C48-CA3F-BDA7C9CAD078</generatorID>
<ownerDesignName>DB sistema monitoreo escolar</ownerDesignName>
<indexState>Foreign Key</indexState>
<isSurrogateKey>false</isSurrogateKey>
<indexColumnUsage>
<colUsage columnID="7F7EE4C7-02E1-D95A-7CB8-D3E664DAE21A"/>
</indexColumnUsage>
</ind_PK_UK>
<ind_PK_UK id="4BBFFAD7-D2F1-345A-62ED-8B9199D13290" name="Asignatura_curso_Asignatura_FK">
<createdBy>DREAMFYRE 5</createdBy>
<createdTime>2024-09-25 03:44:06 UTC</createdTime>
<generatorID>ABF770D0-F950-4A92-C5FE-D27F59D1F662</generatorID>
<ownerDesignName>DB sistema monitoreo escolar</ownerDesignName>
<indexState>Foreign Key</indexState>
<isSurrogateKey>false</isSurrogateKey>
<indexColumnUsage>
<colUsage columnID="76E0319B-EFFE-F94B-C8C6-7BBBADC97ABB"/>
<colUsage columnID="1B4466CF-D276-4937-C295-DED2DADE703A"/>
</indexColumnUsage>
</ind_PK_UK>
<ind_PK_UK id="D9B3B0AC-3D45-2BDF-92D2-CC7D888C5506" name="Asignatura_curso_Nota_FK">
<createdBy>DREAMFYRE 5</createdBy>
<createdTime>2024-09-30 06:17:41 UTC</createdTime>
<generatorID>02360F4C-0DA4-BDD2-2DE9-5CFC7F147A70</generatorID>
<ownerDesignName>DB sistema monitoreo escolar</ownerDesignName>
<indexState>Foreign Key</indexState>
<isSurrogateKey>false</isSurrogateKey>
<indexColumnUsage>
<colUsage columnID="C1B44421-4A64-7E88-3797-E221C58FC7EA"/>
</indexColumnUsage>
</ind_PK_UK>
</indexes>
</Table>