<?xml version = '1.0' encoding = 'UTF-8'?>
<Table class="oracle.dbtools.crest.model.design.relational.Table" directorySegmentName="seg_0" id="5616F85C-01D1-B5B3-1D56-F811172777A9" name="Administrador">
<createdBy>DREAMFYRE 5</createdBy>
<createdTime>2024-09-25 03:44:06 UTC</createdTime>
<generatorID>8E4AE870-2CDB-4999-5CA3-BB565CBED9CA</generatorID>
<ownerDesignName>DB sistema monitoreo escolar</ownerDesignName>
<allowColumnReorder>false</allowColumnReorder>
<existDependencyGenerateInDDl>true</existDependencyGenerateInDDl>
<parsed>true</parsed>
<columns itemClass="oracle.dbtools.crest.model.design.relational.Column">
<Column name="rut_administrador" id="722912A5-0130-0704-A034-0FDF9501559D">
<createdBy>DREAMFYRE 5</createdBy>
<createdTime>2024-09-25 03:44:06 UTC</createdTime>
<generatorID>1FB53B80-4E7D-B11C-6CB5-A1671DCB8169</generatorID>
<ownerDesignName>DB sistema monitoreo escolar</ownerDesignName>
<useDomainConstraints>false</useDomainConstraints>
<use>1</use>
<logicalDatatype>LOGDT011</logicalDatatype>
<ownDataTypeParameters>,,</ownDataTypeParameters>
<autoIncrementCycle>false</autoIncrementCycle>
</Column>
<Column name="dv_administrador" id="DD9E7968-313D-74ED-CD9D-CA4DDB0BB5A1">
<createdBy>DREAMFYRE 5</createdBy>
<createdTime>2024-09-25 03:44:06 UTC</createdTime>
<generatorID>D7DFDA13-8B6B-0A17-B679-C706574423F7</generatorID>
<ownerDesignName>DB sistema monitoreo escolar</ownerDesignName>
<useDomainConstraints>false</useDomainConstraints>
<use>1</use>
<logicalDatatype>LOGDT025</logicalDatatype>
<dataTypeSize>1</dataTypeSize>
<ownDataTypeParameters>1,,</ownDataTypeParameters>
<autoIncrementCycle>false</autoIncrementCycle>
</Column>
<Column name="primer_nombre" id="98041E8D-49DC-7950-9718-769FF067A5B2">
<createdBy>DREAMFYRE 5</createdBy>
<createdTime>2024-09-25 03:44:06 UTC</createdTime>
<generatorID>5ACCFD84-4D16-223E-4C17-0DD601E9889D</generatorID>
<ownerDesignName>DB sistema monitoreo escolar</ownerDesignName>
<useDomainConstraints>false</useDomainConstraints>
<use>1</use>
<logicalDatatype>LOGDT024</logicalDatatype>
<dataTypeSize>25</dataTypeSize>
<ownDataTypeParameters>25,,</ownDataTypeParameters>
<autoIncrementCycle>false</autoIncrementCycle>
</Column>
<Column name="segundo_nombre" id="371BEA88-1790-F6B2-5287-5F7E4A0E0C01">
<createdBy>DREAMFYRE 5</createdBy>
<createdTime>2024-09-25 03:44:06 UTC</createdTime>
<generatorID>E3CDF0EF-CFE6-6F54-51CB-D4D441AEF3BC</generatorID>
<ownerDesignName>DB sistema monitoreo escolar</ownerDesignName>
<nullsAllowed>true</nullsAllowed>
<useDomainConstraints>false</useDomainConstraints>
<use>1</use>
<logicalDatatype>LOGDT024</logicalDatatype>
<dataTypeSize>25</dataTypeSize>
<ownDataTypeParameters>25,,</ownDataTypeParameters>
<autoIncrementCycle>false</autoIncrementCycle>
</Column>
<Column name="appaterno" id="02CB82F6-93A9-8D37-1F32-DAE1D753FF53">
<createdBy>DREAMFYRE 5</createdBy>
<createdTime>2024-09-25 03:44:06 UTC</createdTime>
<generatorID>92273C7E-EEF9-37DA-07B9-5E4C4B495F67</generatorID>
<ownerDesignName>DB sistema monitoreo escolar</ownerDesignName>
<useDomainConstraints>false</useDomainConstraints>
<use>1</use>
<logicalDatatype>LOGDT024</logicalDatatype>
<dataTypeSize>25</dataTypeSize>
<ownDataTypeParameters>25,,</ownDataTypeParameters>
<autoIncrementCycle>false</autoIncrementCycle>
</Column>
<Column name="apmaterno" id="3D9407A8-ACEB-7821-80E9-0C48D8CBBD63">
<createdBy>DREAMFYRE 5</createdBy>
<createdTime>2024-09-25 03:44:06 UTC</createdTime>
<generatorID>611702FA-8985-5B96-4488-8955AC00B488</generatorID>
<ownerDesignName>DB sistema monitoreo escolar</ownerDesignName>
<nullsAllowed>true</nullsAllowed>
<useDomainConstraints>false</useDomainConstraints>
<use>1</use>
<logicalDatatype>LOGDT024</logicalDatatype>
<dataTypeSize>25</dataTypeSize>
<ownDataTypeParameters>25,,</ownDataTypeParameters>
<autoIncrementCycle>false</autoIncrementCycle>
</Column>
<Column name="Usuario_rut_usuario" id="FA594C2F-42A6-A880-D6EA-49747FE1EA02">
<createdBy>DREAMFYRE 5</createdBy>
<createdTime>2024-09-25 03:44:06 UTC</createdTime>
<generatorID>766F60AB-49EA-CA41-75F8-105EE1A52CB5</generatorID>
<ownerDesignName>DB sistema monitoreo escolar</ownerDesignName>
<useDomainConstraints>false</useDomainConstraints>
<use>1</use>
<logicalDatatype>LOGDT024</logicalDatatype>
<ownDataTypeParameters>,,</ownDataTypeParameters>
<previousColumn>false</previousColumn>
<autoIncrementCycle>false</autoIncrementCycle>
<associations>
<colAssociation fkAssociation="AB7499DB-4B2D-F5DA-E6E3-D6994F36C971" referredColumn="1F26DA75-42BE-B281-3C3A-C4A94DA9334A"/>
</associations>
</Column>
</columns>
<indexes itemClass="oracle.dbtools.crest.model.design.relational.Index">
<ind_PK_UK id="AB94D2BD-F80D-1945-514F-7E3EA34D162A" name="Administrador_PK">
<createdBy>DREAMFYRE 5</createdBy>
<createdTime>2024-09-25 03:44:06 UTC</createdTime>
<generatorID>602BA951-0147-5FB7-D4E7-24205EF41838</generatorID>
<ownerDesignName>DB sistema monitoreo escolar</ownerDesignName>
<pk>true</pk>
<indexState>Primary Constraint</indexState>
<isSurrogateKey>false</isSurrogateKey>
<indexColumnUsage>
<colUsage columnID="722912A5-0130-0704-A034-0FDF9501559D"/>
</indexColumnUsage>
</ind_PK_UK>
<ind_PK_UK id="69F82523-7709-721D-28D5-E62063A93858" name="Administrador__IDX">
<createdBy>DREAMFYRE 5</createdBy>
<createdTime>2024-09-25 03:44:06 UTC</createdTime>
<ownerDesignName>DB sistema monitoreo escolar</ownerDesignName>
<indexState>Unique Plain Index</indexState>
<isSurrogateKey>false</isSurrogateKey>
<relationGeneratorID>E4B02436-CCF7-E927-E3D8-E0B49CC12499</relationGeneratorID>
<indexColumnUsage>
<colUsage columnID="FA594C2F-42A6-A880-D6EA-49747FE1EA02"/>
</indexColumnUsage>
</ind_PK_UK>
<ind_PK_UK id="E20CE4DC-CACD-024A-C3A4-F9A0FA168356" name="Administrador_Usuario_FK">
<createdBy>DREAMFYRE 5</createdBy>
<createdTime>2024-09-30 06:17:41 UTC</createdTime>
<generatorID>E4B02436-CCF7-E927-E3D8-E0B49CC12499</generatorID>
<ownerDesignName>DB sistema monitoreo escolar</ownerDesignName>
<indexState>Foreign Key</indexState>
<isSurrogateKey>false</isSurrogateKey>
<indexColumnUsage>
<colUsage columnID="FA594C2F-42A6-A880-D6EA-49747FE1EA02"/>
</indexColumnUsage>
</ind_PK_UK>
</indexes>
</Table>