<?xml version = '1.0' encoding = 'UTF-8'?>
<Table class="oracle.dbtools.crest.model.design.relational.Table" directorySegmentName="seg_0" id="59B187D0-6C23-6F72-AB84-64D317CB75C0" name="Apoderado_alumno">
<createdBy>DREAMFYRE 5</createdBy>
<createdTime>2024-09-25 03:44:06 UTC</createdTime>
<generatorID>05240C15-4613-55C9-C5CD-5E93661EA6C6</generatorID>
<ownerDesignName>DB sistema monitoreo escolar</ownerDesignName>
<allowColumnReorder>false</allowColumnReorder>
<existDependencyGenerateInDDl>true</existDependencyGenerateInDDl>
<parsed>true</parsed>
<columns itemClass="oracle.dbtools.crest.model.design.relational.Column">
<Column name="Apoderado_rut_apoderado" id="05323028-AE73-B749-3632-5009573DA2C7">
<createdBy>DREAMFYRE 5</createdBy>
<createdTime>2024-09-25 03:44:06 UTC</createdTime>
<generatorID>C1AA7CA0-C831-ADB8-2522-3D0DD26280DB</generatorID>
<ownerDesignName>DB sistema monitoreo escolar</ownerDesignName>
<useDomainConstraints>false</useDomainConstraints>
<use>1</use>
<logicalDatatype>LOGDT011</logicalDatatype>
<ownDataTypeParameters>,,</ownDataTypeParameters>
<previousColumn>false</previousColumn>
<autoIncrementCycle>false</autoIncrementCycle>
<associations>
<colAssociation fkAssociation="70D6B994-8E43-84FD-AB95-D253A7399926" referredColumn="3853931A-18C8-CCCD-A40B-9CA55749FBF6"/>
</associations>
</Column>
<Column name="Alumno_rut_alumno" id="EE93ED55-626E-8756-F983-54B8D32C6378">
<createdBy>DREAMFYRE 5</createdBy>
<createdTime>2024-09-25 03:44:06 UTC</createdTime>
<generatorID>52BA1B84-C22C-9E53-AD06-7BD41997F2E0</generatorID>
<ownerDesignName>DB sistema monitoreo escolar</ownerDesignName>
<useDomainConstraints>false</useDomainConstraints>
<use>1</use>
<logicalDatatype>LOGDT011</logicalDatatype>
<ownDataTypeParameters>,,</ownDataTypeParameters>
<previousColumn>false</previousColumn>
<autoIncrementCycle>false</autoIncrementCycle>
<associations>
<colAssociation fkAssociation="97F69E75-DF16-C453-A2AC-65CA0AB4B67A" referredColumn="02E98DDE-8C27-7ACF-D34F-918BBC2C440D"/>
</associations>
</Column>
</columns>
<indexes itemClass="oracle.dbtools.crest.model.design.relational.Index">
<ind_PK_UK id="EB402FF9-5CE9-0394-D5FC-C5794E073B04" name="Apoderado_alumno_Apoderado_FK">
<createdBy>DREAMFYRE 5</createdBy>
<createdTime>2024-09-25 03:44:06 UTC</createdTime>
<generatorID>A9702355-418B-F972-8A9B-F378F69A6DE1</generatorID>
<ownerDesignName>DB sistema monitoreo escolar</ownerDesignName>
<indexState>Foreign Key</indexState>
<isSurrogateKey>false</isSurrogateKey>
<indexColumnUsage>
<colUsage columnID="05323028-AE73-B749-3632-5009573DA2C7"/>
</indexColumnUsage>
</ind_PK_UK>
<ind_PK_UK id="900AC343-86FB-6AC1-AB1C-456AAD9A433B" name="Apoderado_alumno_Alumno_FK">
<createdBy>DREAMFYRE 5</createdBy>
<createdTime>2024-09-25 03:44:06 UTC</createdTime>
<generatorID>889D08A2-1FAB-7813-8ED2-1D77DB088D0D</generatorID>
<ownerDesignName>DB sistema monitoreo escolar</ownerDesignName>
<indexState>Foreign Key</indexState>
<isSurrogateKey>false</isSurrogateKey>
<indexColumnUsage>
<colUsage columnID="EE93ED55-626E-8756-F983-54B8D32C6378"/>
</indexColumnUsage>
</ind_PK_UK>
</indexes>
</Table>