<?xml version = '1.0' encoding = 'UTF-8'?>
<Table class="oracle.dbtools.crest.model.design.relational.Table" directorySegmentName="seg_0" id="64106350-6A3D-FC2F-5A5A-2EF6AF913250" name="Asignatura_profesor">
<createdBy>DREAMFYRE 5</createdBy>
<createdTime>2024-09-25 03:44:06 UTC</createdTime>
<generatorID>D342CD56-CE1C-3CD9-9559-1970FF89FC7B</generatorID>
<ownerDesignName>DB sistema monitoreo escolar</ownerDesignName>
<allowColumnReorder>false</allowColumnReorder>
<existDependencyGenerateInDDl>true</existDependencyGenerateInDDl>
<parsed>true</parsed>
<columns itemClass="oracle.dbtools.crest.model.design.relational.Column">
<Column name="Asignatura_id_asignatura" id="35A06EA6-8D08-A997-AD4D-3F38ECC0BBDE">
<createdBy>DREAMFYRE 5</createdBy>
<createdTime>2024-09-25 03:44:06 UTC</createdTime>
<generatorID>4C826E6F-3F6A-1B0C-2B00-89B7C6EED439</generatorID>
<ownerDesignName>DB sistema monitoreo escolar</ownerDesignName>
<useDomainConstraints>false</useDomainConstraints>
<use>1</use>
<logicalDatatype>LOGDT024</logicalDatatype>
<dataTypeSize>10</dataTypeSize>
<ownDataTypeParameters>,,</ownDataTypeParameters>
<previousColumn>false</previousColumn>
<autoIncrementCycle>false</autoIncrementCycle>
<associations>
<colAssociation fkAssociation="D300EC05-573B-6226-F1C0-5AE1E96D033B" referredColumn="2479CEFE-DFDD-F971-2F41-CB41797F1C18"/>
</associations>
</Column>
<Column name="Asignatura_nombre_asignatura" id="C1EE5E2E-3759-BF41-68AA-DFAA32D315E0">
<createdBy>DREAMFYRE 5</createdBy>
<createdTime>2024-09-25 03:44:06 UTC</createdTime>
<generatorID>F0E47417-DE26-36B4-9811-FF8BB64FE9C4</generatorID>
<ownerDesignName>DB sistema monitoreo escolar</ownerDesignName>
<useDomainConstraints>false</useDomainConstraints>
<use>1</use>
<logicalDatatype>LOGDT024</logicalDatatype>
<dataTypeSize>25</dataTypeSize>
<ownDataTypeParameters>,,</ownDataTypeParameters>
<previousColumn>false</previousColumn>
<autoIncrementCycle>false</autoIncrementCycle>
<associations>
<colAssociation fkAssociation="D300EC05-573B-6226-F1C0-5AE1E96D033B" referredColumn="C62295C9-721E-F98A-F6F5-F271183A91A3"/>
</associations>
</Column>
<Column name="Profesor_rut_profesor" id="EA439409-6F85-D8EF-90D2-C71702E2421B">
<createdBy>DREAMFYRE 5</createdBy>
<createdTime>2024-09-25 03:44:06 UTC</createdTime>
<generatorID>4527CCE3-2960-9A15-4DF2-789C3C1D610B</generatorID>
<ownerDesignName>DB sistema monitoreo escolar</ownerDesignName>
<useDomainConstraints>false</useDomainConstraints>
<use>1</use>
<logicalDatatype>LOGDT011</logicalDatatype>
<ownDataTypeParameters>,,</ownDataTypeParameters>
<previousColumn>false</previousColumn>
<autoIncrementCycle>false</autoIncrementCycle>
<associations>
<colAssociation fkAssociation="F4291F4A-513F-59AD-430A-287A73193E94" referredColumn="DCFD8AA1-B8A4-387A-A5A6-6B181876D34F"/>
</associations>
</Column>
</columns>
<indexes itemClass="oracle.dbtools.crest.model.design.relational.Index">
<ind_PK_UK id="884D19BF-119F-3506-21D5-76F172DDC30B" name="Asignatura_profesor_Asignatura_FK">
<createdBy>DREAMFYRE 5</createdBy>
<createdTime>2024-09-25 03:44:06 UTC</createdTime>
<generatorID>61B28554-D9E6-D81C-FF0D-487705A1E017</generatorID>
<ownerDesignName>DB sistema monitoreo escolar</ownerDesignName>
<indexState>Foreign Key</indexState>
<isSurrogateKey>false</isSurrogateKey>
<indexColumnUsage>
<colUsage columnID="35A06EA6-8D08-A997-AD4D-3F38ECC0BBDE"/>
<colUsage columnID="C1EE5E2E-3759-BF41-68AA-DFAA32D315E0"/>
</indexColumnUsage>
</ind_PK_UK>
<ind_PK_UK id="7E1D9DD4-993A-7851-49E7-4F1705266E22" name="Asignatura_profesor_Profesor_FK">
<createdBy>DREAMFYRE 5</createdBy>
<createdTime>2024-09-25 03:44:06 UTC</createdTime>
<generatorID>DE9C11DC-77EA-26D5-B622-957A028872D2</generatorID>
<ownerDesignName>DB sistema monitoreo escolar</ownerDesignName>
<indexState>Foreign Key</indexState>
<isSurrogateKey>false</isSurrogateKey>
<indexColumnUsage>
<colUsage columnID="EA439409-6F85-D8EF-90D2-C71702E2421B"/>
</indexColumnUsage>
</ind_PK_UK>
</indexes>
</Table>