<?xml version = '1.0' encoding = 'UTF-8'?>
<Table class="oracle.dbtools.crest.model.design.relational.Table" directorySegmentName="seg_0" id="7A32A8ED-00C5-9DF4-5A3E-919616E0C82C" name="Anotacion">
<createdBy>DREAMFYRE 5</createdBy>
<createdTime>2024-09-25 03:44:06 UTC</createdTime>
<generatorID>FCDD4D91-5034-0144-5DA4-08B3D37D965B</generatorID>
<ownerDesignName>DB sistema monitoreo escolar</ownerDesignName>
<allowColumnReorder>false</allowColumnReorder>
<existDependencyGenerateInDDl>true</existDependencyGenerateInDDl>
<parsed>true</parsed>
<columns itemClass="oracle.dbtools.crest.model.design.relational.Column">
<Column name="id_anotacion" id="22C2B669-5842-5680-ED85-B255E3C492F8">
<createdBy>DREAMFYRE 5</createdBy>
<createdTime>2024-09-25 03:44:06 UTC</createdTime>
<generatorID>87B56B7F-4F71-790C-D6C4-405FC9335B3D</generatorID>
<ownerDesignName>DB sistema monitoreo escolar</ownerDesignName>
<useDomainConstraints>false</useDomainConstraints>
<use>1</use>
<logicalDatatype>LOGDT011</logicalDatatype>
<ownDataTypeParameters>,,</ownDataTypeParameters>
<autoIncrementCycle>false</autoIncrementCycle>
</Column>
<Column name="descripcion" id="4AD094DC-3074-0BB4-7241-5AAF143CA5E9">
<createdBy>DREAMFYRE 5</createdBy>
<createdTime>2024-09-25 03:44:06 UTC</createdTime>
<generatorID>70487656-BDF1-F3CF-FA49-E08ACC349AC0</generatorID>
<ownerDesignName>DB sistema monitoreo escolar</ownerDesignName>
<useDomainConstraints>false</useDomainConstraints>
<use>1</use>
<logicalDatatype>LOGDT024</logicalDatatype>
<ownDataTypeParameters>,,</ownDataTypeParameters>
<autoIncrementCycle>false</autoIncrementCycle>
</Column>
<Column name="tipo_anotacion" id="A285C9AA-EC96-E3F6-C55B-CAAA910DBEC9">
<createdBy>DREAMFYRE 5</createdBy>
<createdTime>2024-09-25 03:44:06 UTC</createdTime>
<generatorID>E0FB0B81-2B77-E385-833E-41B09BEB4532</generatorID>
<ownerDesignName>DB sistema monitoreo escolar</ownerDesignName>
<useDomainConstraints>false</useDomainConstraints>
<use>1</use>
<logicalDatatype>LOGDT025</logicalDatatype>
<dataTypeSize>1</dataTypeSize>
<ownDataTypeParameters>1,,</ownDataTypeParameters>
<autoIncrementCycle>false</autoIncrementCycle>
</Column>
<Column name="Alumno_rut_alumno" id="9F1293BA-57CB-3F42-941F-AD3494AF2FD4">
<createdBy>DREAMFYRE 5</createdBy>
<createdTime>2024-09-25 03:44:06 UTC</createdTime>
<generatorID>4A2424D2-61A3-A8A6-D606-A7A5DE814550</generatorID>
<ownerDesignName>DB sistema monitoreo escolar</ownerDesignName>
<useDomainConstraints>false</useDomainConstraints>
<use>1</use>
<logicalDatatype>LOGDT011</logicalDatatype>
<ownDataTypeParameters>,,</ownDataTypeParameters>
<previousColumn>false</previousColumn>
<autoIncrementCycle>false</autoIncrementCycle>
<associations>
<colAssociation fkAssociation="D90A3C78-DC8D-AFF3-9400-87E6DE091B68" referredColumn="02E98DDE-8C27-7ACF-D34F-918BBC2C440D"/>
</associations>
</Column>
<Column name="Tipo_anotacion_id_anotacion" id="29D51ED9-E708-19D0-50E0-A486D3E53C9E">
<createdBy>DREAMFYRE 5</createdBy>
<createdTime>2024-09-25 03:44:06 UTC</createdTime>
<generatorID>F137A939-EA01-8BC7-6BE9-D6DB6B91AADF</generatorID>
<ownerDesignName>DB sistema monitoreo escolar</ownerDesignName>
<useDomainConstraints>false</useDomainConstraints>
<use>1</use>
<logicalDatatype>LOGDT019</logicalDatatype>
<ownDataTypeParameters>,,</ownDataTypeParameters>
<previousColumn>false</previousColumn>
<autoIncrementCycle>false</autoIncrementCycle>
<associations>
<colAssociation fkAssociation="2CE1364D-3BBB-CA0B-1F35-767F3E21F382" referredColumn="923349CD-0466-F937-EF52-A966F5FB0E6C"/>
</associations>
</Column>
<Column name="Profesor_rut_profesor" id="AC86E3A2-EC20-0D1C-7704-376364481D94">
<createdBy>DREAMFYRE 5</createdBy>
<createdTime>2024-09-25 03:44:06 UTC</createdTime>
<generatorID>32FA3A10-27A4-4783-8562-214A7B2D821F</generatorID>
<ownerDesignName>DB sistema monitoreo escolar</ownerDesignName>
<useDomainConstraints>false</useDomainConstraints>
<use>1</use>
<logicalDatatype>LOGDT011</logicalDatatype>
<ownDataTypeParameters>,,</ownDataTypeParameters>
<previousColumn>false</previousColumn>
<autoIncrementCycle>false</autoIncrementCycle>
<associations>
<colAssociation fkAssociation="4378FAA9-2853-C9EF-D445-D24B9FAEE3FB" referredColumn="DCFD8AA1-B8A4-387A-A5A6-6B181876D34F"/>
</associations>
</Column>
</columns>
<indexes itemClass="oracle.dbtools.crest.model.design.relational.Index">
<ind_PK_UK id="A820D1A5-A0B6-BC90-D98E-2AF5B9CFEE56" name="Anotacion_PKv1">
<createdBy>DREAMFYRE 5</createdBy>
<createdTime>2024-09-25 03:44:06 UTC</createdTime>
<generatorID>426CB28F-95B2-B001-AF02-A217F44231D0</generatorID>
<ownerDesignName>DB sistema monitoreo escolar</ownerDesignName>
<pk>true</pk>
<indexState>Primary Constraint</indexState>
<isSurrogateKey>false</isSurrogateKey>
<indexColumnUsage>
<colUsage columnID="22C2B669-5842-5680-ED85-B255E3C492F8"/>
</indexColumnUsage>
</ind_PK_UK>
<ind_PK_UK id="F2BFE04B-A6E0-CBC3-B582-2ECBEE434F60" name="Anotacion_Tipo_anotacion_FK">
<createdBy>DREAMFYRE 5</createdBy>
<createdTime>2024-09-25 03:44:06 UTC</createdTime>
<generatorID>9CD5D4A2-E3A9-1B41-4AF1-5A35143D4A33</generatorID>
<ownerDesignName>DB sistema monitoreo escolar</ownerDesignName>
<indexState>Foreign Key</indexState>
<isSurrogateKey>false</isSurrogateKey>
<indexColumnUsage>
<colUsage columnID="29D51ED9-E708-19D0-50E0-A486D3E53C9E"/>
</indexColumnUsage>
</ind_PK_UK>
<ind_PK_UK id="B4DA5B85-B2F7-1295-1171-B6697E844D7B" name="Anotacion_Profesor_FK">
<createdBy>DREAMFYRE 5</createdBy>
<createdTime>2024-09-25 03:44:06 UTC</createdTime>
<generatorID>7EB13469-C072-A714-068C-6B1879DC5EE2</generatorID>
<ownerDesignName>DB sistema monitoreo escolar</ownerDesignName>
<indexState>Foreign Key</indexState>
<isSurrogateKey>false</isSurrogateKey>
<indexColumnUsage>
<colUsage columnID="AC86E3A2-EC20-0D1C-7704-376364481D94"/>
</indexColumnUsage>
</ind_PK_UK>
<ind_PK_UK id="799814A0-C4D0-9408-CE01-F3A4E927BA28" name="Anotacion_Alumno_FK">
<createdBy>DREAMFYRE 5</createdBy>
<createdTime>2024-09-25 03:44:06 UTC</createdTime>
<generatorID>CD9D8254-AA5F-778B-312F-40894DA193C9</generatorID>
<ownerDesignName>DB sistema monitoreo escolar</ownerDesignName>
<indexState>Foreign Key</indexState>
<isSurrogateKey>false</isSurrogateKey>
<indexColumnUsage>
<colUsage columnID="9F1293BA-57CB-3F42-941F-AD3494AF2FD4"/>
</indexColumnUsage>
</ind_PK_UK>
</indexes>
</Table>