<?xml version = '1.0' encoding = 'UTF-8'?>
<Table class="oracle.dbtools.crest.model.design.relational.Table" directorySegmentName="seg_0" id="81F13D38-D3A2-48AB-EE78-B46C53453A11" name="Asistencia">
<createdBy>DREAMFYRE 5</createdBy>
<createdTime>2024-09-25 03:44:06 UTC</createdTime>
<generatorID>C2435CD6-5F63-D832-7753-FACF4BA51834</generatorID>
<ownerDesignName>DB sistema monitoreo escolar</ownerDesignName>
<allowColumnReorder>false</allowColumnReorder>
<existDependencyGenerateInDDl>true</existDependencyGenerateInDDl>
<parsed>true</parsed>
<columns itemClass="oracle.dbtools.crest.model.design.relational.Column">
<Column name="id_asistencia" id="EC525E39-C3B3-BD44-59D3-B36B52E64FD4">
<createdBy>DREAMFYRE 5</createdBy>
<createdTime>2024-09-25 03:44:06 UTC</createdTime>
<generatorID>1A8B9F5E-AE53-5EC3-F766-FB45B96812F2</generatorID>
<ownerDesignName>DB sistema monitoreo escolar</ownerDesignName>
<useDomainConstraints>false</useDomainConstraints>
<use>1</use>
<logicalDatatype>LOGDT024</logicalDatatype>
<ownDataTypeParameters>,,</ownDataTypeParameters>
<autoIncrementCycle>false</autoIncrementCycle>
</Column>
<Column name="fecha" id="DAEB01C8-AB95-130A-9DF6-45B7D4078273">
<createdBy>DREAMFYRE 5</createdBy>
<createdTime>2024-09-25 03:44:06 UTC</createdTime>
<generatorID>0E916484-D94C-D739-B20F-994F21E20DF3</generatorID>
<ownerDesignName>DB sistema monitoreo escolar</ownerDesignName>
<useDomainConstraints>false</useDomainConstraints>
<use>1</use>
<logicalDatatype>LOGDT007</logicalDatatype>
<ownDataTypeParameters>,,</ownDataTypeParameters>
<autoIncrementCycle>false</autoIncrementCycle>
</Column>
<Column name="estado" id="6B0B88C5-7CF1-2E0C-FE7D-79C0AA88F4A4">
<createdBy>DREAMFYRE 5</createdBy>
<createdTime>2024-09-25 03:44:06 UTC</createdTime>
<generatorID>5D39CC91-FBC6-18C1-62B4-DCF5CCFD0FD0</generatorID>
<ownerDesignName>DB sistema monitoreo escolar</ownerDesignName>
<useDomainConstraints>false</useDomainConstraints>
<use>1</use>
<logicalDatatype>LOGDT024</logicalDatatype>
<dataTypeSize>20</dataTypeSize>
<ownDataTypeParameters>20,,</ownDataTypeParameters>
<autoIncrementCycle>false</autoIncrementCycle>
</Column>
<Column name="Alumno_rut_alumno" id="0B143782-4DBF-4660-38D2-61984BC84758">
<createdBy>DREAMFYRE 5</createdBy>
<createdTime>2024-09-25 03:44:06 UTC</createdTime>
<generatorID>71484729-4A89-2267-6A19-75AAEDE8F778</generatorID>
<ownerDesignName>DB sistema monitoreo escolar</ownerDesignName>
<useDomainConstraints>false</useDomainConstraints>
<use>1</use>
<logicalDatatype>LOGDT011</logicalDatatype>
<ownDataTypeParameters>,,</ownDataTypeParameters>
<previousColumn>false</previousColumn>
<autoIncrementCycle>false</autoIncrementCycle>
<associations>
<colAssociation fkAssociation="9C299730-DD11-4E82-E35E-7693EEF4C5BC" referredColumn="02E98DDE-8C27-7ACF-D34F-918BBC2C440D"/>
</associations>
</Column>
</columns>
<indexes itemClass="oracle.dbtools.crest.model.design.relational.Index">
<ind_PK_UK id="217FB935-231A-7809-35F2-43C2500C06EE" name="Asistencia_PK">
<createdBy>DREAMFYRE 5</createdBy>
<createdTime>2024-09-25 03:44:06 UTC</createdTime>
<generatorID>40D49A9F-F38B-86C8-C08F-AA339332DDEB</generatorID>
<ownerDesignName>DB sistema monitoreo escolar</ownerDesignName>
<pk>true</pk>
<indexState>Primary Constraint</indexState>
<isSurrogateKey>false</isSurrogateKey>
<indexColumnUsage>
<colUsage columnID="EC525E39-C3B3-BD44-59D3-B36B52E64FD4"/>
</indexColumnUsage>
</ind_PK_UK>
<ind_PK_UK id="82500D37-32F2-C6B1-6EE7-86C1BB1EE4A3" name="Asistencia_Alumno_FK">
<createdBy>DREAMFYRE 5</createdBy>
<createdTime>2024-09-25 03:44:06 UTC</createdTime>
<generatorID>869E0887-305C-5C4D-74DC-663927FF2959</generatorID>
<ownerDesignName>DB sistema monitoreo escolar</ownerDesignName>
<indexState>Foreign Key</indexState>
<isSurrogateKey>false</isSurrogateKey>
<indexColumnUsage>
<colUsage columnID="0B143782-4DBF-4660-38D2-61984BC84758"/>
</indexColumnUsage>
</ind_PK_UK>
</indexes>
</Table>