<?xml version = '1.0' encoding = 'UTF-8'?>
<Table class="oracle.dbtools.crest.model.design.relational.Table" directorySegmentName="seg_0" id="83F8AFD3-00D1-D2B2-E75A-D2AD060903A9" name="Usuario">
<createdBy>DREAMFYRE 5</createdBy>
<createdTime>2024-09-25 03:44:06 UTC</createdTime>
<generatorID>FD289B5B-D84D-9155-49BD-EC130B665573</generatorID>
<ownerDesignName>DB sistema monitoreo escolar</ownerDesignName>
<allowColumnReorder>false</allowColumnReorder>
<existDependencyGenerateInDDl>true</existDependencyGenerateInDDl>
<parsed>true</parsed>
<columns itemClass="oracle.dbtools.crest.model.design.relational.Column">
<Column name="rut_usuario" id="1F26DA75-42BE-B281-3C3A-C4A94DA9334A">
<createdBy>DREAMFYRE 5</createdBy>
<createdTime>2024-09-25 03:44:06 UTC</createdTime>
<generatorID>0A515729-2417-706F-0BFF-52943EDA1AB7</generatorID>
<ownerDesignName>DB sistema monitoreo escolar</ownerDesignName>
<useDomainConstraints>false</useDomainConstraints>
<use>1</use>
<logicalDatatype>LOGDT024</logicalDatatype>
<ownDataTypeParameters>,,</ownDataTypeParameters>
<autoIncrementCycle>false</autoIncrementCycle>
</Column>
<Column name="dv_usuario" id="B4C6ABB5-0E96-8CE7-BCFE-CA17A374D246">
<createdBy>DREAMFYRE 5</createdBy>
<createdTime>2024-09-25 03:44:06 UTC</createdTime>
<generatorID>38B52463-F85E-FA2B-A410-35D9D7239DDE</generatorID>
<ownerDesignName>DB sistema monitoreo escolar</ownerDesignName>
<useDomainConstraints>false</useDomainConstraints>
<use>1</use>
<logicalDatatype>LOGDT025</logicalDatatype>
<ownDataTypeParameters>,,</ownDataTypeParameters>
<autoIncrementCycle>false</autoIncrementCycle>
</Column>
<Column name="tipo_usuario" id="7A5A57EA-3E4B-816E-3D8B-976B60BE47FE">
<createdBy>DREAMFYRE 5</createdBy>
<createdTime>2024-09-25 03:44:06 UTC</createdTime>
<generatorID>ED5A9BC9-29A2-3309-02B2-B2EB7DB68451</generatorID>
<ownerDesignName>DB sistema monitoreo escolar</ownerDesignName>
<useDomainConstraints>false</useDomainConstraints>
<use>1</use>
<logicalDatatype>LOGDT024</logicalDatatype>
<dataTypeSize>25</dataTypeSize>
<ownDataTypeParameters>25,,</ownDataTypeParameters>
<autoIncrementCycle>false</autoIncrementCycle>
</Column>
<Column name="Apoderado_rut_apoderado" id="C08885FD-92DF-E18E-7933-4176DB0DE77A">
<createdBy>DREAMFYRE 5</createdBy>
<createdTime>2024-09-25 03:44:06 UTC</createdTime>
<generatorID>8DEA78A7-CF51-6A17-8B29-0309731DF05B</generatorID>
<ownerDesignName>DB sistema monitoreo escolar</ownerDesignName>
<useDomainConstraints>false</useDomainConstraints>
<use>1</use>
<logicalDatatype>LOGDT011</logicalDatatype>
<ownDataTypeParameters>,,</ownDataTypeParameters>
<previousColumn>false</previousColumn>
<autoIncrementCycle>false</autoIncrementCycle>
<associations>
<colAssociation fkAssociation="3381D2BE-4F4B-DF08-264B-9AD231E8BF50" referredColumn="3853931A-18C8-CCCD-A40B-9CA55749FBF6"/>
</associations>
</Column>
<Column name="Profesor_rut_profesor" id="92B248E6-9B6E-19EF-7159-679009D15765">
<createdBy>DREAMFYRE 5</createdBy>
<createdTime>2024-09-25 03:44:06 UTC</createdTime>
<generatorID>9DF7EFF9-BAC5-53FF-EC48-CDFD548B4109</generatorID>
<ownerDesignName>DB sistema monitoreo escolar</ownerDesignName>
<useDomainConstraints>false</useDomainConstraints>
<use>1</use>
<logicalDatatype>LOGDT011</logicalDatatype>
<ownDataTypeParameters>,,</ownDataTypeParameters>
<previousColumn>false</previousColumn>
<autoIncrementCycle>false</autoIncrementCycle>
<associations>
<colAssociation fkAssociation="CA775F0B-9C27-233D-281C-8C40F2D5B0C9" referredColumn="DCFD8AA1-B8A4-387A-A5A6-6B181876D34F"/>
</associations>
</Column>
<Column name="Administrador_rut_administrador" id="DBC52ED7-758F-3244-1E54-F751465D49E2">
<createdBy>DREAMFYRE 5</createdBy>
<createdTime>2024-09-25 03:44:06 UTC</createdTime>
<generatorID>E0331466-3EF4-AFC9-B520-EDAC95E89DB5</generatorID>
<ownerDesignName>DB sistema monitoreo escolar</ownerDesignName>
<useDomainConstraints>false</useDomainConstraints>
<use>1</use>
<logicalDatatype>LOGDT011</logicalDatatype>
<ownDataTypeParameters>,,</ownDataTypeParameters>
<previousColumn>false</previousColumn>
<autoIncrementCycle>false</autoIncrementCycle>
<associations>
<colAssociation fkAssociation="5CE18801-FBCB-4D69-4A0E-F11BE17B964E" referredColumn="722912A5-0130-0704-A034-0FDF9501559D"/>
</associations>
</Column>
<Column name="contrasena" id="1AD5084F-6A50-0B6E-64C8-0D0C6C3E1025">
<createdBy>DREAMFYRE 5</createdBy>
<createdTime>2024-09-25 03:44:06 UTC</createdTime>
<generatorID>A2AB421A-63E9-B3C9-7EAC-5BC8A5467977</generatorID>
<ownerDesignName>DB sistema monitoreo escolar</ownerDesignName>
<useDomainConstraints>false</useDomainConstraints>
<use>1</use>
<logicalDatatype>LOGDT024</logicalDatatype>
<dataTypeSize>20</dataTypeSize>
<ownDataTypeParameters>20,,</ownDataTypeParameters>
<autoIncrementCycle>false</autoIncrementCycle>
</Column>
<Column name="Apoderado_rut_apoderado1" id="EE6A28D2-DDBD-D3E5-0CDA-6AC46947876E">
<createdBy>DREAMFYRE 5</createdBy>
<createdTime>2024-09-25 03:47:37 UTC</createdTime>
<generatorID>ACCBEC26-A4D9-C364-718A-E7265F9B0E6A</generatorID>
<ownerDesignName>DB sistema monitoreo escolar</ownerDesignName>
<useDomainConstraints>false</useDomainConstraints>
<use>1</use>
<logicalDatatype>LOGDT011</logicalDatatype>
<ownDataTypeParameters>,,</ownDataTypeParameters>
<previousColumn>false</previousColumn>
<autoIncrementCycle>false</autoIncrementCycle>
</Column>
</columns>
<indexes itemClass="oracle.dbtools.crest.model.design.relational.Index">
<ind_PK_UK id="500DEDD7-4B5F-9FA1-863E-2C8CBA14CC32" name="Usuario_PK">
<createdBy>DREAMFYRE 5</createdBy>
<createdTime>2024-09-25 03:44:06 UTC</createdTime>
<generatorID>80DD10F6-FBCB-EE5F-84E3-85066E3C8A6B</generatorID>
<ownerDesignName>DB sistema monitoreo escolar</ownerDesignName>
<pk>true</pk>
<indexState>Primary Constraint</indexState>
<isSurrogateKey>false</isSurrogateKey>
<indexColumnUsage>
<colUsage columnID="1F26DA75-42BE-B281-3C3A-C4A94DA9334A"/>
</indexColumnUsage>
</ind_PK_UK>
<ind_PK_UK id="AA5C9E2E-6F55-2F0A-52A4-AD814E01594D" name="Usuario__IDX">
<createdBy>DREAMFYRE 5</createdBy>
<createdTime>2024-09-25 03:44:06 UTC</createdTime>
<ownerDesignName>DB sistema monitoreo escolar</ownerDesignName>
<indexState>Unique Plain Index</indexState>
<isSurrogateKey>false</isSurrogateKey>
<relationGeneratorID>E4B02436-CCF7-E927-E3D8-E0B49CC12499</relationGeneratorID>
<indexColumnUsage>
<colUsage columnID="DBC52ED7-758F-3244-1E54-F751465D49E2"/>
</indexColumnUsage>
</ind_PK_UK>
<ind_PK_UK id="B1BCFCCF-7F4A-B17F-E71C-AA79992E0DF4" name="Usuario__IDXv1">
<createdBy>DREAMFYRE 5</createdBy>
<createdTime>2024-09-25 03:44:06 UTC</createdTime>
<ownerDesignName>DB sistema monitoreo escolar</ownerDesignName>
<indexState>Unique Plain Index</indexState>
<isSurrogateKey>false</isSurrogateKey>
<relationGeneratorID>9116F77E-718A-AEB1-8573-F2283C88E117</relationGeneratorID>
<indexColumnUsage>
<colUsage columnID="C08885FD-92DF-E18E-7933-4176DB0DE77A"/>
</indexColumnUsage>
</ind_PK_UK>
<ind_PK_UK id="2FC7DB53-0993-94D8-36D8-C436E1C02DBC" name="Usuario__IDXv2">
<createdBy>DREAMFYRE 5</createdBy>
<createdTime>2024-09-25 03:44:06 UTC</createdTime>
<ownerDesignName>DB sistema monitoreo escolar</ownerDesignName>
<indexState>Unique Plain Index</indexState>
<isSurrogateKey>false</isSurrogateKey>
<relationGeneratorID>38D58C03-F548-B969-B0A3-738D5BFA4D8F</relationGeneratorID>
<indexColumnUsage>
<colUsage columnID="92B248E6-9B6E-19EF-7159-679009D15765"/>
</indexColumnUsage>
</ind_PK_UK>
<ind_PK_UK id="9FD419B2-C542-845D-DB47-E1C6D018EECF" name="Usuario__IDXv3">
<createdBy>DREAMFYRE 5</createdBy>
<createdTime>2024-09-25 03:47:37 UTC</createdTime>
<ownerDesignName>DB sistema monitoreo escolar</ownerDesignName>
<indexState>Unique Plain Index</indexState>
<isSurrogateKey>false</isSurrogateKey>
<relationGeneratorID>57B42F1E-D7DE-41DC-59F7-F9DF8D5F8731</relationGeneratorID>
<indexColumnUsage>
<colUsage columnID="EE6A28D2-DDBD-D3E5-0CDA-6AC46947876E"/>
</indexColumnUsage>
</ind_PK_UK>
<ind_PK_UK id="0CD4D2CF-2C55-FA8E-9558-295219F10F97" name="Usuario_Apoderado_FK">
<createdBy>DREAMFYRE 5</createdBy>
<createdTime>2024-09-25 03:44:06 UTC</createdTime>
<generatorID>9116F77E-718A-AEB1-8573-F2283C88E117</generatorID>
<ownerDesignName>DB sistema monitoreo escolar</ownerDesignName>
<indexState>Foreign Key</indexState>
<isSurrogateKey>false</isSurrogateKey>
<indexColumnUsage>
<colUsage columnID="C08885FD-92DF-E18E-7933-4176DB0DE77A"/>
</indexColumnUsage>
</ind_PK_UK>
<ind_PK_UK id="5F9F133D-6E08-1A13-7A12-839086818DB6" name="Usuario_Administrador_FK">
<createdBy>DREAMFYRE 5</createdBy>
<createdTime>2024-09-30 06:17:41 UTC</createdTime>
<generatorID>E4B02436-CCF7-E927-E3D8-E0B49CC12499</generatorID>
<ownerDesignName>DB sistema monitoreo escolar</ownerDesignName>
<indexState>Foreign Key</indexState>
<isSurrogateKey>false</isSurrogateKey>
<indexColumnUsage>
<colUsage columnID="DBC52ED7-758F-3244-1E54-F751465D49E2"/>
</indexColumnUsage>
</ind_PK_UK>
<ind_PK_UK id="557B2651-2184-7881-9AFD-743F7DEB68AB" name="Usuario_Profesor_FK">
<createdBy>DREAMFYRE 5</createdBy>
<createdTime>2024-09-30 06:17:41 UTC</createdTime>
<generatorID>38D58C03-F548-B969-B0A3-738D5BFA4D8F</generatorID>
<ownerDesignName>DB sistema monitoreo escolar</ownerDesignName>
<indexState>Foreign Key</indexState>
<isSurrogateKey>false</isSurrogateKey>
<indexColumnUsage>
<colUsage columnID="92B248E6-9B6E-19EF-7159-679009D15765"/>
</indexColumnUsage>
</ind_PK_UK>
</indexes>
</Table>