<?xml version = '1.0' encoding = 'UTF-8'?>
<Table class="oracle.dbtools.crest.model.design.relational.Table" directorySegmentName="seg_0" id="A004DD27-A348-9431-EB98-1E9DAB48B22E" name="anno_curso">
<createdBy>DREAMFYRE 5</createdBy>
<createdTime>2024-09-25 03:44:06 UTC</createdTime>
<generatorID>BD2D0C65-7DB0-48F9-322C-0F91397923D8</generatorID>
<ownerDesignName>DB sistema monitoreo escolar</ownerDesignName>
<allowColumnReorder>false</allowColumnReorder>
<existDependencyGenerateInDDl>true</existDependencyGenerateInDDl>
<parsed>true</parsed>
<columns itemClass="oracle.dbtools.crest.model.design.relational.Column">
<Column name="rut_alumno" id="2C9B9F03-BFCF-3F94-3043-EC988CCE5882">
<createdBy>DREAMFYRE 5</createdBy>
<createdTime>2024-09-25 03:44:06 UTC</createdTime>
<generatorID>DB9C1BF4-2395-F036-5821-6DADBB80AECD</generatorID>
<ownerDesignName>DB sistema monitoreo escolar</ownerDesignName>
<useDomainConstraints>false</useDomainConstraints>
<use>1</use>
<logicalDatatype>LOGDT011</logicalDatatype>
<ownDataTypeParameters>,,</ownDataTypeParameters>
<previousColumn>false</previousColumn>
<autoIncrementCycle>false</autoIncrementCycle>
<associations>
<colAssociation fkAssociation="6ACAB70E-138C-1CC1-1919-15DF4BAD66F2" referredColumn="02E98DDE-8C27-7ACF-D34F-918BBC2C440D"/>
</associations>
</Column>
<Column name="id_curso" id="FB1F4AA6-C8CE-2CD6-E0F5-82DBE0F613A9">
<createdBy>DREAMFYRE 5</createdBy>
<createdTime>2024-09-25 03:44:06 UTC</createdTime>
<generatorID>C9884F6D-1C68-0685-0089-BC5284925384</generatorID>
<ownerDesignName>DB sistema monitoreo escolar</ownerDesignName>
<useDomainConstraints>false</useDomainConstraints>
<use>1</use>
<logicalDatatype>LOGDT024</logicalDatatype>
<ownDataTypeParameters>,,</ownDataTypeParameters>
<previousColumn>false</previousColumn>
<autoIncrementCycle>false</autoIncrementCycle>
<associations>
<colAssociation fkAssociation="16D79F08-2E2E-3209-00BC-00F6DB47F647" referredColumn="1054F69D-C4C9-C917-0E3B-E3C2ADC59A3E"/>
</associations>
</Column>
<Column name="rut_profesor" id="DDDE5DD4-2ADE-907D-1CDA-04E3105D168D">
<createdBy>vina</createdBy>
<createdTime>2024-09-30 18:50:50 UTC</createdTime>
<ownerDesignName>DB sistema monitoreo escolar</ownerDesignName>
<useDomainConstraints>false</useDomainConstraints>
<use>1</use>
<logicalDatatype>LOGDT011</logicalDatatype>
<ownDataTypeParameters>,,</ownDataTypeParameters>
<previousColumn>false</previousColumn>
<autoIncrementCycle>false</autoIncrementCycle>
<associations>
<colAssociation fkAssociation="ABD9215D-ECF3-97B4-E061-801E4BA90BE6" referredColumn="DCFD8AA1-B8A4-387A-A5A6-6B181876D34F"/>
</associations>
</Column>
</columns>
<indexes itemClass="oracle.dbtools.crest.model.design.relational.Index">
<ind_PK_UK id="E14F3528-3DAB-D8F9-BDE0-7F7A504380E5" name="anno_curso_Alumno_FK">
<createdBy>DREAMFYRE 5</createdBy>
<createdTime>2024-09-25 03:44:06 UTC</createdTime>
<generatorID>1C9E477E-566A-C236-CF04-9BD2DA60C7F2</generatorID>
<ownerDesignName>DB sistema monitoreo escolar</ownerDesignName>
<indexState>Foreign Key</indexState>
<isSurrogateKey>false</isSurrogateKey>
<indexColumnUsage>
<colUsage columnID="2C9B9F03-BFCF-3F94-3043-EC988CCE5882"/>
</indexColumnUsage>
</ind_PK_UK>
<ind_PK_UK id="5BA0699A-35FD-D05C-BEAE-A026BEF996AA" name="anno_curso_Curso_FK">
<createdBy>DREAMFYRE 5</createdBy>
<createdTime>2024-09-25 03:44:06 UTC</createdTime>
<generatorID>8131890C-DF2F-AC8B-BCE8-A6381EC39042</generatorID>
<ownerDesignName>DB sistema monitoreo escolar</ownerDesignName>
<indexState>Foreign Key</indexState>
<isSurrogateKey>false</isSurrogateKey>
<indexColumnUsage>
<colUsage columnID="FB1F4AA6-C8CE-2CD6-E0F5-82DBE0F613A9"/>
</indexColumnUsage>
</ind_PK_UK>
<ind_PK_UK id="72A37021-A6E8-73D1-21CD-CE0F5212556F" name="anno_curso_Profesor_FK">
<createdBy>vina</createdBy>
<createdTime>2024-09-30 18:50:50 UTC</createdTime>
<generatorID>A6E61C02-DB46-498B-74E0-E358688BECE8</generatorID>
<ownerDesignName>DB sistema monitoreo escolar</ownerDesignName>
<indexState>Foreign Key</indexState>
<isSurrogateKey>false</isSurrogateKey>
<indexColumnUsage>
<colUsage columnID="DDDE5DD4-2ADE-907D-1CDA-04E3105D168D"/>
</indexColumnUsage>
</ind_PK_UK>
</indexes>
</Table>