<?xml version = '1.0' encoding = 'UTF-8'?>
<Table class="oracle.dbtools.crest.model.design.relational.Table" directorySegmentName="seg_0" id="CCED5BC7-1697-E54B-49FA-3F0512DBC5E0" name="Alumno">
<createdBy>DREAMFYRE 5</createdBy>
<createdTime>2024-09-25 03:44:06 UTC</createdTime>
<generatorID>AAE06E84-3E87-7655-72E9-8876C465AE8A</generatorID>
<ownerDesignName>DB sistema monitoreo escolar</ownerDesignName>
<allowColumnReorder>false</allowColumnReorder>
<existDependencyGenerateInDDl>true</existDependencyGenerateInDDl>
<parsed>true</parsed>
<columns itemClass="oracle.dbtools.crest.model.design.relational.Column">
<Column name="rut_alumno" id="02E98DDE-8C27-7ACF-D34F-918BBC2C440D">
<createdBy>DREAMFYRE 5</createdBy>
<createdTime>2024-09-25 03:44:06 UTC</createdTime>
<generatorID>200F5911-1C55-F58C-1682-6CC163AE6BBA</generatorID>
<ownerDesignName>DB sistema monitoreo escolar</ownerDesignName>
<useDomainConstraints>false</useDomainConstraints>
<use>1</use>
<logicalDatatype>LOGDT011</logicalDatatype>
<ownDataTypeParameters>,,</ownDataTypeParameters>
<autoIncrementCycle>false</autoIncrementCycle>
</Column>
<Column name="dv_alumno" id="5F5374A7-A0EF-9AF6-6F35-4A5F5E87C388">
<createdBy>DREAMFYRE 5</createdBy>
<createdTime>2024-09-25 03:44:06 UTC</createdTime>
<generatorID>40998D8D-9D3A-C0F0-75C5-B5205F1F0F17</generatorID>
<ownerDesignName>DB sistema monitoreo escolar</ownerDesignName>
<useDomainConstraints>false</useDomainConstraints>
<use>1</use>
<logicalDatatype>LOGDT025</logicalDatatype>
<ownDataTypeParameters>,,</ownDataTypeParameters>
<autoIncrementCycle>false</autoIncrementCycle>
</Column>
<Column name="primer_nombre" id="E4EF36D7-AFFA-0EAD-38E4-947F2D480156">
<createdBy>DREAMFYRE 5</createdBy>
<createdTime>2024-09-25 03:44:06 UTC</createdTime>
<generatorID>2D323E70-7C9F-74FE-2B77-4965094C0420</generatorID>
<ownerDesignName>DB sistema monitoreo escolar</ownerDesignName>
<useDomainConstraints>false</useDomainConstraints>
<use>1</use>
<logicalDatatype>LOGDT024</logicalDatatype>
<dataTypeSize>20</dataTypeSize>
<ownDataTypeParameters>20,,</ownDataTypeParameters>
<autoIncrementCycle>false</autoIncrementCycle>
</Column>
<Column name="segundo_nombre" id="21B13263-3A63-FBDA-56AD-643AB1723AC4">
<createdBy>DREAMFYRE 5</createdBy>
<createdTime>2024-09-25 03:44:06 UTC</createdTime>
<generatorID>9D6BA7AC-45C2-CB04-1F99-D3AAE39983FD</generatorID>
<ownerDesignName>DB sistema monitoreo escolar</ownerDesignName>
<nullsAllowed>true</nullsAllowed>
<useDomainConstraints>false</useDomainConstraints>
<use>1</use>
<logicalDatatype>LOGDT024</logicalDatatype>
<dataTypeSize>25</dataTypeSize>
<ownDataTypeParameters>25,,</ownDataTypeParameters>
<autoIncrementCycle>false</autoIncrementCycle>
</Column>
<Column name="appaterno" id="3E6B3569-CC49-A06F-9F6E-17FE0885DB1F">
<createdBy>DREAMFYRE 5</createdBy>
<createdTime>2024-09-25 03:44:06 UTC</createdTime>
<generatorID>8BEB15C9-5F9A-A33F-2CF3-15CBD2258D01</generatorID>
<ownerDesignName>DB sistema monitoreo escolar</ownerDesignName>
<useDomainConstraints>false</useDomainConstraints>
<use>1</use>
<logicalDatatype>LOGDT024</logicalDatatype>
<dataTypeSize>25</dataTypeSize>
<ownDataTypeParameters>25,,</ownDataTypeParameters>
<autoIncrementCycle>false</autoIncrementCycle>
</Column>
<Column name="apmaterno" id="66BCA769-CCCE-E722-8604-E71B0643D761">
<createdBy>DREAMFYRE 5</createdBy>
<createdTime>2024-09-25 03:44:06 UTC</createdTime>
<generatorID>AD53475F-4E09-525C-B9F3-A423392479C1</generatorID>
<ownerDesignName>DB sistema monitoreo escolar</ownerDesignName>
<nullsAllowed>true</nullsAllowed>
<useDomainConstraints>false</useDomainConstraints>
<use>1</use>
<logicalDatatype>LOGDT024</logicalDatatype>
<dataTypeSize>25</dataTypeSize>
<ownDataTypeParameters>25,,</ownDataTypeParameters>
<autoIncrementCycle>false</autoIncrementCycle>
</Column>
</columns>
<indexes itemClass="oracle.dbtools.crest.model.design.relational.Index">
<ind_PK_UK id="AABE664C-3564-D4F6-043E-65C4A6E38D2C" name="Alumno_PK">
<createdBy>DREAMFYRE 5</createdBy>
<createdTime>2024-09-25 03:44:06 UTC</createdTime>
<generatorID>6AD7BE29-F843-D223-6545-A44B5E53B35B</generatorID>
<ownerDesignName>DB sistema monitoreo escolar</ownerDesignName>
<pk>true</pk>
<indexState>Primary Constraint</indexState>
<isSurrogateKey>false</isSurrogateKey>
<indexColumnUsage>
<colUsage columnID="02E98DDE-8C27-7ACF-D34F-918BBC2C440D"/>
</indexColumnUsage>
</ind_PK_UK>
</indexes>
</Table>