<?xml version = '1.0' encoding = 'UTF-8'?>
<Table class="oracle.dbtools.crest.model.design.relational.Table" directorySegmentName="seg_0" id="F589501F-9013-52CA-693D-9CB3FF555EF2" name="Apoderado">
<createdBy>DREAMFYRE 5</createdBy>
<createdTime>2024-09-25 03:44:06 UTC</createdTime>
<generatorID>6A40953B-B182-2F7F-9DD6-2893D891E9EB</generatorID>
<ownerDesignName>DB sistema monitoreo escolar</ownerDesignName>
<allowColumnReorder>false</allowColumnReorder>
<existDependencyGenerateInDDl>true</existDependencyGenerateInDDl>
<parsed>true</parsed>
<columns itemClass="oracle.dbtools.crest.model.design.relational.Column">
<Column name="rut_apoderado" id="3853931A-18C8-CCCD-A40B-9CA55749FBF6">
<createdBy>DREAMFYRE 5</createdBy>
<createdTime>2024-09-25 03:44:06 UTC</createdTime>
<generatorID>BD75E7B1-BAA9-3290-855F-8CF7780837C5</generatorID>
<ownerDesignName>DB sistema monitoreo escolar</ownerDesignName>
<useDomainConstraints>false</useDomainConstraints>
<use>1</use>
<logicalDatatype>LOGDT011</logicalDatatype>
<ownDataTypeParameters>,,</ownDataTypeParameters>
<autoIncrementCycle>false</autoIncrementCycle>
</Column>
<Column name="dv_apoderado" id="D961ED4F-9A04-5EA1-F1C0-5B61F8E03A0D">
<createdBy>DREAMFYRE 5</createdBy>
<createdTime>2024-09-25 03:44:06 UTC</createdTime>
<generatorID>7F8C4307-8399-74D6-FA5E-DFCD2412263F</generatorID>
<ownerDesignName>DB sistema monitoreo escolar</ownerDesignName>
<useDomainConstraints>false</useDomainConstraints>
<use>1</use>
<logicalDatatype>LOGDT025</logicalDatatype>
<dataTypeSize>1</dataTypeSize>
<ownDataTypeParameters>1,,</ownDataTypeParameters>
<autoIncrementCycle>false</autoIncrementCycle>
</Column>
<Column name="primer_nombre" id="AA2196AC-BD15-080C-EA8E-492512B015DB">
<createdBy>DREAMFYRE 5</createdBy>
<createdTime>2024-09-25 03:44:06 UTC</createdTime>
<generatorID>509AD2D3-7290-EE88-8EE1-697E44129C3C</generatorID>
<ownerDesignName>DB sistema monitoreo escolar</ownerDesignName>
<useDomainConstraints>false</useDomainConstraints>
<use>1</use>
<logicalDatatype>LOGDT024</logicalDatatype>
<dataTypeSize>25</dataTypeSize>
<ownDataTypeParameters>25,,</ownDataTypeParameters>
<autoIncrementCycle>false</autoIncrementCycle>
</Column>
<Column name="segundo_nombre" id="805B91A4-F14B-9960-46B7-4802D427ABD6">
<createdBy>DREAMFYRE 5</createdBy>
<createdTime>2024-09-25 03:44:06 UTC</createdTime>
<generatorID>4C789185-069E-5C0F-F038-9B8ED7306A40</generatorID>
<ownerDesignName>DB sistema monitoreo escolar</ownerDesignName>
<nullsAllowed>true</nullsAllowed>
<useDomainConstraints>false</useDomainConstraints>
<use>1</use>
<logicalDatatype>LOGDT024</logicalDatatype>
<dataTypeSize>25</dataTypeSize>
<ownDataTypeParameters>25,,</ownDataTypeParameters>
<autoIncrementCycle>false</autoIncrementCycle>
</Column>
<Column name="appaterno" id="724C104F-68F1-8C41-8F05-EAADFBC65232">
<createdBy>DREAMFYRE 5</createdBy>
<createdTime>2024-09-25 03:44:06 UTC</createdTime>
<generatorID>508E838C-DD44-A154-FD24-9CE78FB3A343</generatorID>
<ownerDesignName>DB sistema monitoreo escolar</ownerDesignName>
<useDomainConstraints>false</useDomainConstraints>
<use>1</use>
<logicalDatatype>LOGDT024</logicalDatatype>
<dataTypeSize>25</dataTypeSize>
<ownDataTypeParameters>25,,</ownDataTypeParameters>
<autoIncrementCycle>false</autoIncrementCycle>
</Column>
<Column name="apmaterno" id="BBCC7919-3870-AA74-0CDF-331F2A421BAE">
<createdBy>DREAMFYRE 5</createdBy>
<createdTime>2024-09-25 03:44:06 UTC</createdTime>
<generatorID>1C903B37-19B9-A5A2-5A21-B3B9EFA15CA2</generatorID>
<ownerDesignName>DB sistema monitoreo escolar</ownerDesignName>
<nullsAllowed>true</nullsAllowed>
<useDomainConstraints>false</useDomainConstraints>
<use>1</use>
<logicalDatatype>LOGDT024</logicalDatatype>
<dataTypeSize>25</dataTypeSize>
<ownDataTypeParameters>25,,</ownDataTypeParameters>
<autoIncrementCycle>false</autoIncrementCycle>
</Column>
<Column name="Usuario_rut_usuario" id="236711C3-A2B4-096F-C466-D4C583BA5BDF">
<createdBy>DREAMFYRE 5</createdBy>
<createdTime>2024-09-25 03:44:06 UTC</createdTime>
<generatorID>3F22658F-8418-A20E-EDA7-DE44E41D89EC</generatorID>
<ownerDesignName>DB sistema monitoreo escolar</ownerDesignName>
<useDomainConstraints>false</useDomainConstraints>
<use>1</use>
<logicalDatatype>LOGDT024</logicalDatatype>
<ownDataTypeParameters>,,</ownDataTypeParameters>
<previousColumn>false</previousColumn>
<autoIncrementCycle>false</autoIncrementCycle>
<associations>
<colAssociation fkAssociation="68FC913D-02B5-DF41-1A92-F9752654445B" referredColumn="1F26DA75-42BE-B281-3C3A-C4A94DA9334A"/>
</associations>
</Column>
<Column name="Usuario_rut_usuario1" id="3700F999-980D-4BAD-C480-A7A6DDEB304D">
<createdBy>DREAMFYRE 5</createdBy>
<createdTime>2024-09-25 03:47:37 UTC</createdTime>
<generatorID>A92C7DD0-25AF-7EA4-51EC-CF0B06292F65</generatorID>
<ownerDesignName>DB sistema monitoreo escolar</ownerDesignName>
<useDomainConstraints>false</useDomainConstraints>
<use>1</use>
<logicalDatatype>LOGDT024</logicalDatatype>
<ownDataTypeParameters>,,</ownDataTypeParameters>
<previousColumn>false</previousColumn>
<autoIncrementCycle>false</autoIncrementCycle>
</Column>
</columns>
<indexes itemClass="oracle.dbtools.crest.model.design.relational.Index">
<ind_PK_UK id="5DCF42B8-84E5-537D-35A4-2986BF24F567" name="Apoderado_PK">
<createdBy>DREAMFYRE 5</createdBy>
<createdTime>2024-09-25 03:44:06 UTC</createdTime>
<generatorID>513CE755-CEFA-335D-4879-CD0A46DDE236</generatorID>
<ownerDesignName>DB sistema monitoreo escolar</ownerDesignName>
<pk>true</pk>
<indexState>Primary Constraint</indexState>
<isSurrogateKey>false</isSurrogateKey>
<indexColumnUsage>
<colUsage columnID="3853931A-18C8-CCCD-A40B-9CA55749FBF6"/>
</indexColumnUsage>
</ind_PK_UK>
<ind_PK_UK id="6FB1A2A5-54FC-0E81-55D4-B55ED6D57E9E" name="Apoderado__IDX">
<createdBy>DREAMFYRE 5</createdBy>
<createdTime>2024-09-25 03:44:06 UTC</createdTime>
<ownerDesignName>DB sistema monitoreo escolar</ownerDesignName>
<indexState>Unique Plain Index</indexState>
<isSurrogateKey>false</isSurrogateKey>
<relationGeneratorID>9116F77E-718A-AEB1-8573-F2283C88E117</relationGeneratorID>
<indexColumnUsage>
<colUsage columnID="236711C3-A2B4-096F-C466-D4C583BA5BDF"/>
</indexColumnUsage>
</ind_PK_UK>
<ind_PK_UK id="020529FE-954B-96A7-56E2-0403915ED004" name="Apoderado__IDXv1">
<createdBy>DREAMFYRE 5</createdBy>
<createdTime>2024-09-25 03:47:37 UTC</createdTime>
<ownerDesignName>DB sistema monitoreo escolar</ownerDesignName>
<indexState>Unique Plain Index</indexState>
<isSurrogateKey>false</isSurrogateKey>
<relationGeneratorID>57B42F1E-D7DE-41DC-59F7-F9DF8D5F8731</relationGeneratorID>
<indexColumnUsage>
<colUsage columnID="3700F999-980D-4BAD-C480-A7A6DDEB304D"/>
</indexColumnUsage>
</ind_PK_UK>
<ind_PK_UK id="9E8E53AD-F379-822A-5133-4BFAF598BB37" name="Apoderado_Usuario_FK">
<createdBy>DREAMFYRE 5</createdBy>
<createdTime>2024-09-25 03:44:06 UTC</createdTime>
<generatorID>9116F77E-718A-AEB1-8573-F2283C88E117</generatorID>
<ownerDesignName>DB sistema monitoreo escolar</ownerDesignName>
<indexState>Foreign Key</indexState>
<isSurrogateKey>false</isSurrogateKey>
<indexColumnUsage>
<colUsage columnID="236711C3-A2B4-096F-C466-D4C583BA5BDF"/>
</indexColumnUsage>
</ind_PK_UK>
</indexes>
</Table>