<?xml version = '1.0' encoding = 'UTF-8'?>
<Diagram class="oracle.dbtools.crest.swingui.relational.DPVRelational" name="Relational_1" id="2C6409E5-FFD5-59B7-3D53-CDF37B6B18AC">
<createdBy>DREAMFYRE 5</createdBy>
<modifiedBy>DREAMFYRE 5</modifiedBy>
<createdTime>2024-09-24 00:13:13 UTC</createdTime>
<autoRoute>false</autoRoute>
<boxInbox>true</boxInbox>
<showLegend>false</showLegend>
<showLabels>false</showLabels>
<showRelAttributes>false</showRelAttributes>
<gridEnabled>false</gridEnabled>
<showGrid>false</showGrid>
<diagramColor>-1</diagramColor>
<display>false</display>
<notation>1</notation>
<objectViews>
<OView class="oracle.dbtools.crest.swingui.relational.TVTable" oid="0D24C743-70FD-8615-4C27-637E234B6B9D" otype="Table" vid="5C9CD898-5FA8-25F4-8926-655B388E808B">
<hideElementsInCurrentOnly>false</hideElementsInCurrentOnly>
<bounds x="823" y="169" width="145" height="137"/>
</OView>
<OView class="oracle.dbtools.crest.swingui.relational.TVTable" oid="1003DA7C-3C4D-13D4-030B-03955723892A" otype="Table" vid="30BD0BDB-6449-D4DF-ECB7-8B40DC0E179A">
<hideElementsInCurrentOnly>false</hideElementsInCurrentOnly>
<bounds x="743" y="532" width="146" height="125"/>
</OView>
<OView class="oracle.dbtools.crest.swingui.relational.TVTable" oid="225E45A8-6E8F-007B-6944-2923C6DF290D" otype="Table" vid="3E798C59-043B-C352-D91C-65088673320C">
<hideElementsInCurrentOnly>false</hideElementsInCurrentOnly>
<bounds x="1025" y="117" width="119" height="83"/>
</OView>
<OView class="oracle.dbtools.crest.swingui.relational.TVTable" oid="4CB1B28E-33DD-122F-C4D6-22FB8C15D925" otype="Table" vid="D9288829-FC02-C645-5FA0-156F1B8E5EED">
<hideElementsInCurrentOnly>false</hideElementsInCurrentOnly>
<bounds x="1256" y="40" width="127" height="98"/>
</OView>
<OView class="oracle.dbtools.crest.swingui.relational.TVTable" oid="5616F85C-01D1-B5B3-1D56-F811172777A9" otype="Table" vid="0F6B960B-B548-44D2-1D59-50F309C56458">
<hideElementsInCurrentOnly>false</hideElementsInCurrentOnly>
<bounds x="3" y="507" width="144" height="144"/>
</OView>
<OView class="oracle.dbtools.crest.swingui.relational.TVTable" oid="59B187D0-6C23-6F72-AB84-64D317CB75C0" otype="Table" vid="9693C0BD-ADEB-EFE9-1500-4C8D253E8628">
<hideElementsInCurrentOnly>false</hideElementsInCurrentOnly>
<bounds x="223" y="511" width="144" height="98"/>
</OView>
<OView class="oracle.dbtools.crest.swingui.relational.TVTable" oid="5EF801B3-8162-4EFA-7745-00128FF94CCD" otype="Table" vid="94BA54EB-C000-2DC0-C6EF-E4F3D031E6EA">
<hideElementsInCurrentOnly>false</hideElementsInCurrentOnly>
<bounds x="629" y="34" width="170" height="140"/>
</OView>
<OView class="oracle.dbtools.crest.swingui.relational.TVTable" oid="64106350-6A3D-FC2F-5A5A-2EF6AF913250" otype="Table" vid="BC00001B-AF7B-19D3-AAC2-3BC971CD7F3F">
<hideElementsInCurrentOnly>false</hideElementsInCurrentOnly>
<bounds x="1286" y="331" width="137" height="153"/>
</OView>
<OView class="oracle.dbtools.crest.swingui.relational.TVTable" oid="7A32A8ED-00C5-9DF4-5A3E-919616E0C82C" otype="Table" vid="E2C716FA-6D6B-820E-5A96-0B1377D9C5A1">
<hideElementsInCurrentOnly>false</hideElementsInCurrentOnly>
<bounds x="1003" y="445" width="170" height="142"/>
</OView>
<OView class="oracle.dbtools.crest.swingui.relational.TVTable" oid="81F13D38-D3A2-48AB-EE78-B46C53453A11" otype="Table" vid="87B9EBA7-9F29-0C5A-ECFE-C6B88C49AE48">
<hideElementsInCurrentOnly>false</hideElementsInCurrentOnly>
<bounds x="331" y="36" width="170" height="143"/>
</OView>
<OView class="oracle.dbtools.crest.swingui.relational.TVTable" oid="83F8AFD3-00D1-D2B2-E75A-D2AD060903A9" otype="Table" vid="660EB04B-A61B-BEF9-07A9-B7D204CE6F6A">
<hideElementsInCurrentOnly>false</hideElementsInCurrentOnly>
<bounds x="101" y="760" width="155" height="137"/>
</OView>
<OView class="oracle.dbtools.crest.swingui.relational.TVTable" oid="A004DD27-A348-9431-EB98-1E9DAB48B22E" otype="Table" vid="B62A6F04-1D7D-EF41-FCB3-C1D7166F54B8">
<hideElementsInCurrentOnly>false</hideElementsInCurrentOnly>
<bounds x="823" y="325" width="113" height="96"/>
</OView>
<OView class="oracle.dbtools.crest.swingui.relational.TVTable" oid="C2D134D9-20F6-8FAE-4151-A99375FE02B2" otype="Table" vid="70522B97-FA1B-162E-60F0-53407EE7AD28">
<hideElementsInCurrentOnly>false</hideElementsInCurrentOnly>
<bounds x="1162" y="761" width="136" height="138"/>
</OView>
<OView class="oracle.dbtools.crest.swingui.relational.TVTable" oid="CCED5BC7-1697-E54B-49FA-3F0512DBC5E0" otype="Table" vid="AC3E3DF3-27E6-60CE-30E4-25EEB7078257">
<hideElementsInCurrentOnly>false</hideElementsInCurrentOnly>
<bounds x="399" y="273" width="296" height="246"/>
</OView>
<OView class="oracle.dbtools.crest.swingui.relational.TVTable" oid="F589501F-9013-52CA-693D-9CB3FF555EF2" otype="Table" vid="F3DAD82B-C3BF-FEEC-ED0D-C4DA7DEFE9CF">
<hideElementsInCurrentOnly>false</hideElementsInCurrentOnly>
<bounds x="120" y="277" width="144" height="145"/>
</OView>
</objectViews>
<connectors>
<Connector class="oracle.dbtools.crest.swingui.relational.TVFKRelation" oid="0C0BC164-115B-9CB0-294D-62AD30ECCEB0" otype="FKIndexAssociation" vid_source="660EB04B-A61B-BEF9-07A9-B7D204CE6F6A" vid_target="70522B97-FA1B-162E-60F0-53407EE7AD28">
<hideElementsInCurrentOnly>false</hideElementsInCurrentOnly>
<backgroundColor>-16777216</backgroundColor>
<lineWidth>1</lineWidth>
<points>
<point x="256" y="829"/>
<point x="1162" y="829"/>
</points>
</Connector>
<Connector class="oracle.dbtools.crest.swingui.relational.TVFKRelation" oid="16D79F08-2E2E-3209-00BC-00F6DB47F647" otype="FKIndexAssociation" vid_source="5C9CD898-5FA8-25F4-8926-655B388E808B" vid_target="B62A6F04-1D7D-EF41-FCB3-C1D7166F54B8">
<hideElementsInCurrentOnly>false</hideElementsInCurrentOnly>
<backgroundColor>-16777216</backgroundColor>
<lineWidth>1</lineWidth>
<points>
<point x="879" y="306"/>
<point x="879" y="325"/>
</points>
</Connector>
<Connector class="oracle.dbtools.crest.swingui.relational.TVFKRelation" oid="19EDDBC8-5B50-36B7-6008-A210BB2E7A2E" otype="FKIndexAssociation" vid_source="94BA54EB-C000-2DC0-C6EF-E4F3D031E6EA" vid_target="3E798C59-043B-C352-D91C-65088673320C">
<hideElementsInCurrentOnly>false</hideElementsInCurrentOnly>
<backgroundColor>-16777216</backgroundColor>
<lineWidth>1</lineWidth>
<points>
<point x="799" y="145"/>
<point x="1025" y="145"/>
</points>
</Connector>
<Connector class="oracle.dbtools.crest.swingui.relational.TVFKRelation" oid="2CE1364D-3BBB-CA0B-1F35-767F3E21F382" otype="FKIndexAssociation" vid_source="30BD0BDB-6449-D4DF-ECB7-8B40DC0E179A" vid_target="E2C716FA-6D6B-820E-5A96-0B1377D9C5A1">
<hideElementsInCurrentOnly>false</hideElementsInCurrentOnly>
<backgroundColor>-16777216</backgroundColor>
<lineWidth>1</lineWidth>
<points>
<point x="889" y="559"/>
<point x="1003" y="559"/>
</points>
</Connector>
<Connector class="oracle.dbtools.crest.swingui.relational.TVFKRelation" oid="3381D2BE-4F4B-DF08-264B-9AD231E8BF50" otype="FKIndexAssociation" vid_source="F3DAD82B-C3BF-FEEC-ED0D-C4DA7DEFE9CF" vid_target="660EB04B-A61B-BEF9-07A9-B7D204CE6F6A">
<hideElementsInCurrentOnly>false</hideElementsInCurrentOnly>
<backgroundColor>-16777216</backgroundColor>
<lineWidth>1</lineWidth>
<points>
<point x="188" y="422"/>
<point x="188" y="760"/>
</points>
</Connector>
<Connector class="oracle.dbtools.crest.swingui.relational.TVFKRelation" oid="4378FAA9-2853-C9EF-D445-D24B9FAEE3FB" otype="FKIndexAssociation" vid_source="70522B97-FA1B-162E-60F0-53407EE7AD28" vid_target="E2C716FA-6D6B-820E-5A96-0B1377D9C5A1">
<hideElementsInCurrentOnly>false</hideElementsInCurrentOnly>
<backgroundColor>-16777216</backgroundColor>
<lineWidth>1</lineWidth>
<points>
<point x="1167" y="761"/>
<point x="1167" y="587"/>
</points>
</Connector>
<Connector class="oracle.dbtools.crest.swingui.relational.TVFKRelation" oid="503D7EDB-E985-7942-543A-D7EC1E394416" otype="FKIndexAssociation" vid_source="5C9CD898-5FA8-25F4-8926-655B388E808B" vid_target="3E798C59-043B-C352-D91C-65088673320C">
<hideElementsInCurrentOnly>false</hideElementsInCurrentOnly>
<backgroundColor>-16777216</backgroundColor>
<lineWidth>1</lineWidth>
<points>
<point x="968" y="199"/>
<point x="1025" y="199"/>
</points>
</Connector>
<Connector class="oracle.dbtools.crest.swingui.relational.TVFKRelation" oid="5CE18801-FBCB-4D69-4A0E-F11BE17B964E" otype="FKIndexAssociation" vid_source="0F6B960B-B548-44D2-1D59-50F309C56458" vid_target="660EB04B-A61B-BEF9-07A9-B7D204CE6F6A">
<hideElementsInCurrentOnly>false</hideElementsInCurrentOnly>
<backgroundColor>-16777216</backgroundColor>
<lineWidth>1</lineWidth>
<points>
<point x="124" y="651"/>
<point x="124" y="760"/>
</points>
</Connector>
<Connector class="oracle.dbtools.crest.swingui.relational.TVFKRelation" oid="68FC913D-02B5-DF41-1A92-F9752654445B" otype="FKIndexAssociation" vid_source="660EB04B-A61B-BEF9-07A9-B7D204CE6F6A" vid_target="F3DAD82B-C3BF-FEEC-ED0D-C4DA7DEFE9CF">
<hideElementsInCurrentOnly>false</hideElementsInCurrentOnly>
<backgroundColor>-16777216</backgroundColor>
<lineWidth>1</lineWidth>
<points>
<point x="188" y="760"/>
<point x="188" y="422"/>
</points>
</Connector>
<Connector class="oracle.dbtools.crest.swingui.relational.TVFKRelation" oid="6ACAB70E-138C-1CC1-1919-15DF4BAD66F2" otype="FKIndexAssociation" vid_source="AC3E3DF3-27E6-60CE-30E4-25EEB7078257" vid_target="B62A6F04-1D7D-EF41-FCB3-C1D7166F54B8">
<hideElementsInCurrentOnly>false</hideElementsInCurrentOnly>
<backgroundColor>-16777216</backgroundColor>
<lineWidth>1</lineWidth>
<points>
<point x="695" y="373"/>
<point x="823" y="373"/>
</points>
</Connector>
<Connector class="oracle.dbtools.crest.swingui.relational.TVFKRelation" oid="70D6B994-8E43-84FD-AB95-D253A7399926" otype="FKIndexAssociation" vid_source="F3DAD82B-C3BF-FEEC-ED0D-C4DA7DEFE9CF" vid_target="9693C0BD-ADEB-EFE9-1500-4C8D253E8628">
<hideElementsInCurrentOnly>false</hideElementsInCurrentOnly>
<backgroundColor>-16777216</backgroundColor>
<lineWidth>1</lineWidth>
<points>
<point x="243" y="422"/>
<point x="243" y="511"/>
</points>
</Connector>
<Connector class="oracle.dbtools.crest.swingui.relational.TVFKRelation" oid="8909F63D-F813-8D32-E482-0E033DC7AE82" otype="FKIndexAssociation" vid_source="D9288829-FC02-C645-5FA0-156F1B8E5EED" vid_target="3E798C59-043B-C352-D91C-65088673320C">
<hideElementsInCurrentOnly>false</hideElementsInCurrentOnly>
<backgroundColor>-16777216</backgroundColor>
<lineWidth>1</lineWidth>
<points>
<point x="1256" y="127"/>
<point x="1144" y="127"/>
</points>
</Connector>
<Connector class="oracle.dbtools.crest.swingui.relational.TVFKRelation" oid="97F69E75-DF16-C453-A2AC-65CA0AB4B67A" otype="FKIndexAssociation" vid_source="AC3E3DF3-27E6-60CE-30E4-25EEB7078257" vid_target="9693C0BD-ADEB-EFE9-1500-4C8D253E8628">
<hideElementsInCurrentOnly>false</hideElementsInCurrentOnly>
<backgroundColor>-16777216</backgroundColor>
<lineWidth>1</lineWidth>
<points>
<point x="399" y="515"/>
<point x="367" y="515"/>
</points>
</Connector>
<Connector class="oracle.dbtools.crest.swingui.relational.TVFKRelation" oid="9C299730-DD11-4E82-E35E-7693EEF4C5BC" otype="FKIndexAssociation" vid_source="AC3E3DF3-27E6-60CE-30E4-25EEB7078257" vid_target="87B9EBA7-9F29-0C5A-ECFE-C6B88C49AE48">
<hideElementsInCurrentOnly>false</hideElementsInCurrentOnly>
<backgroundColor>-16777216</backgroundColor>
<lineWidth>1</lineWidth>
<points>
<point x="450" y="273"/>
<point x="450" y="179"/>
</points>
</Connector>
<Connector class="oracle.dbtools.crest.swingui.relational.TVFKRelation" oid="AB7499DB-4B2D-F5DA-E6E3-D6994F36C971" otype="FKIndexAssociation" vid_source="660EB04B-A61B-BEF9-07A9-B7D204CE6F6A" vid_target="0F6B960B-B548-44D2-1D59-50F309C56458">
<hideElementsInCurrentOnly>false</hideElementsInCurrentOnly>
<backgroundColor>-16777216</backgroundColor>
<lineWidth>1</lineWidth>
<points>
<point x="124" y="760"/>
<point x="124" y="651"/>
</points>
</Connector>
<Connector class="oracle.dbtools.crest.swingui.relational.TVFKRelation" oid="ABD9215D-ECF3-97B4-E061-801E4BA90BE6" otype="FKIndexAssociation" vid_source="70522B97-FA1B-162E-60F0-53407EE7AD28" vid_target="B62A6F04-1D7D-EF41-FCB3-C1D7166F54B8">
<hideElementsInCurrentOnly>false</hideElementsInCurrentOnly>
<backgroundColor>-16777216</backgroundColor>
<lineWidth>1</lineWidth>
<points>
<point x="1241" y="761"/>
<point x="1241" y="376"/>
<point x="936" y="376"/>
</points>
</Connector>
<Connector class="oracle.dbtools.crest.swingui.relational.TVFKRelation" oid="CA775F0B-9C27-233D-281C-8C40F2D5B0C9" otype="FKIndexAssociation" vid_source="70522B97-FA1B-162E-60F0-53407EE7AD28" vid_target="660EB04B-A61B-BEF9-07A9-B7D204CE6F6A">
<hideElementsInCurrentOnly>false</hideElementsInCurrentOnly>
<backgroundColor>-16777216</backgroundColor>
<lineWidth>1</lineWidth>
<points>
<point x="1162" y="829"/>
<point x="256" y="829"/>
</points>
</Connector>
<Connector class="oracle.dbtools.crest.swingui.relational.TVFKRelation" oid="D300EC05-573B-6226-F1C0-5AE1E96D033B" otype="FKIndexAssociation" vid_source="D9288829-FC02-C645-5FA0-156F1B8E5EED" vid_target="BC00001B-AF7B-19D3-AAC2-3BC971CD7F3F">
<hideElementsInCurrentOnly>false</hideElementsInCurrentOnly>
<backgroundColor>-16777216</backgroundColor>
<lineWidth>1</lineWidth>
<points>
<point x="1334" y="138"/>
<point x="1334" y="331"/>
</points>
</Connector>
<Connector class="oracle.dbtools.crest.swingui.relational.TVFKRelation" oid="D90A3C78-DC8D-AFF3-9400-87E6DE091B68" otype="FKIndexAssociation" vid_source="AC3E3DF3-27E6-60CE-30E4-25EEB7078257" vid_target="E2C716FA-6D6B-820E-5A96-0B1377D9C5A1">
<hideElementsInCurrentOnly>false</hideElementsInCurrentOnly>
<backgroundColor>-16777216</backgroundColor>
<lineWidth>1</lineWidth>
<points>
<point x="695" y="482"/>
<point x="1003" y="482"/>
</points>
</Connector>
<Connector class="oracle.dbtools.crest.swingui.relational.TVFKRelation" oid="DE02402C-DDD4-7CF0-AE1B-4454A980A357" otype="FKIndexAssociation" vid_source="AC3E3DF3-27E6-60CE-30E4-25EEB7078257" vid_target="94BA54EB-C000-2DC0-C6EF-E4F3D031E6EA">
<hideElementsInCurrentOnly>false</hideElementsInCurrentOnly>
<backgroundColor>-16777216</backgroundColor>
<lineWidth>1</lineWidth>
<points>
<point x="662" y="273"/>
<point x="662" y="174"/>
</points>
</Connector>
<Connector class="oracle.dbtools.crest.swingui.relational.TVFKRelation" oid="F4291F4A-513F-59AD-430A-287A73193E94" otype="FKIndexAssociation" vid_source="70522B97-FA1B-162E-60F0-53407EE7AD28" vid_target="BC00001B-AF7B-19D3-AAC2-3BC971CD7F3F">
<hideElementsInCurrentOnly>false</hideElementsInCurrentOnly>
<backgroundColor>-16777216</backgroundColor>
<lineWidth>1</lineWidth>
<points>
<point x="1292" y="761"/>
<point x="1292" y="484"/>
</points>
</Connector>
</connectors>
<displays>
<Display class="oracle.dbtools.crest.swingui.relational.DPVRelational" name="Display_1" id="C8911629-BC0C-165E-AA45-31976F949EAB">
<createdBy>DREAMFYRE 5</createdBy>
<modifiedBy>DREAMFYRE 5</modifiedBy>
<createdTime>2024-09-24 00:13:16 UTC</createdTime>
<autoRoute>false</autoRoute>
<boxInbox>true</boxInbox>
<showLegend>false</showLegend>
<showLabels>false</showLabels>
<showRelAttributes>false</showRelAttributes>
<gridEnabled>false</gridEnabled>
<showGrid>false</showGrid>
<diagramColor>-1</diagramColor>
<display>true</display>
<notation>1</notation>
<objectViews>
<OView class="oracle.dbtools.crest.swingui.relational.TVTable" oid="0D24C743-70FD-8615-4C27-637E234B6B9D" otype="Table" vid="834C015E-FD9D-E211-3C2B-CDEE1951C4C1">
<hideElementsInCurrentOnly>false</hideElementsInCurrentOnly>
<bounds x="390" y="730" width="170" height="110"/>
</OView>
<OView class="oracle.dbtools.crest.swingui.relational.TVTable" oid="1003DA7C-3C4D-13D4-030B-03955723892A" otype="Table" vid="A8BEAF16-E738-F5DE-C76A-8604FE937E5E">
<hideElementsInCurrentOnly>false</hideElementsInCurrentOnly>
<bounds x="430" y="810" width="170" height="110"/>
</OView>
<OView class="oracle.dbtools.crest.swingui.relational.TVTable" oid="225E45A8-6E8F-007B-6944-2923C6DF290D" otype="Table" vid="9C7389ED-FC29-CBB6-03C9-B56CA273191D">
<hideElementsInCurrentOnly>false</hideElementsInCurrentOnly>
<bounds x="360" y="670" width="170" height="110"/>
</OView>
<OView class="oracle.dbtools.crest.swingui.relational.TVTable" oid="4CB1B28E-33DD-122F-C4D6-22FB8C15D925" otype="Table" vid="23BB2D63-4BA3-CADA-C203-20F5A5B56203">
<hideElementsInCurrentOnly>false</hideElementsInCurrentOnly>
<bounds x="350" y="650" width="170" height="110"/>
</OView>
<OView class="oracle.dbtools.crest.swingui.relational.TVTable" oid="5616F85C-01D1-B5B3-1D56-F811172777A9" otype="Table" vid="CD5DBF2A-085E-E88C-1982-CC3F604E3CDD">
<hideElementsInCurrentOnly>false</hideElementsInCurrentOnly>
<bounds x="290" y="530" width="170" height="110"/>
</OView>
<OView class="oracle.dbtools.crest.swingui.relational.TVTable" oid="59B187D0-6C23-6F72-AB84-64D317CB75C0" otype="Table" vid="FF6E7B31-8F65-CFF9-7EFE-24354767E749">
<hideElementsInCurrentOnly>false</hideElementsInCurrentOnly>
<bounds x="340" y="630" width="170" height="110"/>
</OView>
<OView class="oracle.dbtools.crest.swingui.relational.TVTable" oid="5EF801B3-8162-4EFA-7745-00128FF94CCD" otype="Table" vid="7A4C4368-3D87-FF46-C591-FD33C8459225">
<hideElementsInCurrentOnly>false</hideElementsInCurrentOnly>
<bounds x="400" y="750" width="170" height="110"/>
</OView>
<OView class="oracle.dbtools.crest.swingui.relational.TVTable" oid="64106350-6A3D-FC2F-5A5A-2EF6AF913250" otype="Table" vid="0CABA757-45D8-419C-DB6F-0C94B160B64C">
<hideElementsInCurrentOnly>false</hideElementsInCurrentOnly>
<bounds x="370" y="690" width="170" height="110"/>
</OView>
<OView class="oracle.dbtools.crest.swingui.relational.TVTable" oid="7A32A8ED-00C5-9DF4-5A3E-919616E0C82C" otype="Table" vid="0D8B83C6-6751-5F73-7CAC-05D1D5E3EFC4">
<hideElementsInCurrentOnly>false</hideElementsInCurrentOnly>
<bounds x="320" y="590" width="170" height="110"/>
</OView>
<OView class="oracle.dbtools.crest.swingui.relational.TVTable" oid="81F13D38-D3A2-48AB-EE78-B46C53453A11" otype="Table" vid="3BC968C7-ABA5-7FBB-F0BF-BBA3076FBA33">
<hideElementsInCurrentOnly>false</hideElementsInCurrentOnly>
<bounds x="380" y="710" width="170" height="110"/>
</OView>
<OView class="oracle.dbtools.crest.swingui.relational.TVTable" oid="83F8AFD3-00D1-D2B2-E75A-D2AD060903A9" otype="Table" vid="F5FE63B6-4F1C-96C6-5CFC-8E586A9FCAEC">
<hideElementsInCurrentOnly>false</hideElementsInCurrentOnly>
<bounds x="440" y="830" width="170" height="110"/>
</OView>
<OView class="oracle.dbtools.crest.swingui.relational.TVTable" oid="A004DD27-A348-9431-EB98-1E9DAB48B22E" otype="Table" vid="0A3F0458-492A-A7F4-F223-3FC30D982FD8">
<hideElementsInCurrentOnly>false</hideElementsInCurrentOnly>
<bounds x="310" y="570" width="170" height="110"/>
</OView>
<OView class="oracle.dbtools.crest.swingui.relational.TVTable" oid="C2D134D9-20F6-8FAE-4151-A99375FE02B2" otype="Table" vid="84D8B1E6-1CB6-455E-C546-F76450E31FED">
<hideElementsInCurrentOnly>false</hideElementsInCurrentOnly>
<bounds x="410" y="770" width="170" height="110"/>
</OView>
<OView class="oracle.dbtools.crest.swingui.relational.TVTable" oid="CCED5BC7-1697-E54B-49FA-3F0512DBC5E0" otype="Table" vid="D235D865-707D-C473-0E90-F24640475015">
<hideElementsInCurrentOnly>false</hideElementsInCurrentOnly>
<bounds x="300" y="550" width="170" height="110"/>
</OView>
<OView class="oracle.dbtools.crest.swingui.relational.TVTable" oid="F589501F-9013-52CA-693D-9CB3FF555EF2" otype="Table" vid="0B109BBB-3801-B8A3-67C8-D3084A0F0B65">
<hideElementsInCurrentOnly>false</hideElementsInCurrentOnly>
<bounds x="330" y="610" width="170" height="110"/>
</OView>
</objectViews>
<connectors>
<Connector class="oracle.dbtools.crest.swingui.relational.TVFKRelation" oid="0C0BC164-115B-9CB0-294D-62AD30ECCEB0" otype="FKIndexAssociation" vid_source="F5FE63B6-4F1C-96C6-5CFC-8E586A9FCAEC" vid_target="84D8B1E6-1CB6-455E-C546-F76450E31FED">
<hideElementsInCurrentOnly>false</hideElementsInCurrentOnly>
<backgroundColor>-16777216</backgroundColor>
<lineWidth>1</lineWidth>
<points>
<point x="440" y="840"/>
<point x="580" y="840"/>
</points>
</Connector>
<Connector class="oracle.dbtools.crest.swingui.relational.TVFKRelation" oid="16D79F08-2E2E-3209-00BC-00F6DB47F647" otype="FKIndexAssociation" vid_source="834C015E-FD9D-E211-3C2B-CDEE1951C4C1" vid_target="0A3F0458-492A-A7F4-F223-3FC30D982FD8">
<hideElementsInCurrentOnly>false</hideElementsInCurrentOnly>
<backgroundColor>-16777216</backgroundColor>
<lineWidth>1</lineWidth>
<points>
<point x="435" y="730"/>
<point x="435" y="680"/>
</points>
</Connector>
<Connector class="oracle.dbtools.crest.swingui.relational.TVFKRelation" oid="19EDDBC8-5B50-36B7-6008-A210BB2E7A2E" otype="FKIndexAssociation" vid_source="7A4C4368-3D87-FF46-C591-FD33C8459225" vid_target="9C7389ED-FC29-CBB6-03C9-B56CA273191D">
<hideElementsInCurrentOnly>false</hideElementsInCurrentOnly>
<backgroundColor>-16777216</backgroundColor>
<lineWidth>1</lineWidth>
<points>
<point x="400" y="765"/>
<point x="530" y="765"/>
</points>
</Connector>
<Connector class="oracle.dbtools.crest.swingui.relational.TVFKRelation" oid="2CE1364D-3BBB-CA0B-1F35-767F3E21F382" otype="FKIndexAssociation" vid_source="A8BEAF16-E738-F5DE-C76A-8604FE937E5E" vid_target="0D8B83C6-6751-5F73-7CAC-05D1D5E3EFC4">
<hideElementsInCurrentOnly>false</hideElementsInCurrentOnly>
<backgroundColor>-16777216</backgroundColor>
<lineWidth>1</lineWidth>
<points>
<point x="460" y="810"/>
<point x="460" y="700"/>
</points>
</Connector>
<Connector class="oracle.dbtools.crest.swingui.relational.TVFKRelation" oid="3381D2BE-4F4B-DF08-264B-9AD231E8BF50" otype="FKIndexAssociation" vid_source="0B109BBB-3801-B8A3-67C8-D3084A0F0B65" vid_target="F5FE63B6-4F1C-96C6-5CFC-8E586A9FCAEC">
<hideElementsInCurrentOnly>false</hideElementsInCurrentOnly>
<backgroundColor>-16777216</backgroundColor>
<lineWidth>1</lineWidth>
<points>
<point x="470" y="720"/>
<point x="470" y="830"/>
</points>
</Connector>
<Connector class="oracle.dbtools.crest.swingui.relational.TVFKRelation" oid="4378FAA9-2853-C9EF-D445-D24B9FAEE3FB" otype="FKIndexAssociation" vid_source="84D8B1E6-1CB6-455E-C546-F76450E31FED" vid_target="0D8B83C6-6751-5F73-7CAC-05D1D5E3EFC4">
<hideElementsInCurrentOnly>false</hideElementsInCurrentOnly>
<backgroundColor>-16777216</backgroundColor>
<lineWidth>1</lineWidth>
<points>
<point x="450" y="770"/>
<point x="450" y="700"/>
</points>
</Connector>
<Connector class="oracle.dbtools.crest.swingui.relational.TVFKRelation" oid="503D7EDB-E985-7942-543A-D7EC1E394416" otype="FKIndexAssociation" vid_source="834C015E-FD9D-E211-3C2B-CDEE1951C4C1" vid_target="9C7389ED-FC29-CBB6-03C9-B56CA273191D">
<hideElementsInCurrentOnly>false</hideElementsInCurrentOnly>
<backgroundColor>-16777216</backgroundColor>
<lineWidth>1</lineWidth>
<points>
<point x="390" y="755"/>
<point x="530" y="755"/>
</points>
</Connector>
<Connector class="oracle.dbtools.crest.swingui.relational.TVFKRelation" oid="5CE18801-FBCB-4D69-4A0E-F11BE17B964E" otype="FKIndexAssociation" vid_source="CD5DBF2A-085E-E88C-1982-CC3F604E3CDD" vid_target="F5FE63B6-4F1C-96C6-5CFC-8E586A9FCAEC">
<hideElementsInCurrentOnly>false</hideElementsInCurrentOnly>
<backgroundColor>-16777216</backgroundColor>
<lineWidth>1</lineWidth>
<points>
<point x="450" y="640"/>
<point x="450" y="830"/>
</points>
</Connector>
<Connector class="oracle.dbtools.crest.swingui.relational.TVFKRelation" oid="68FC913D-02B5-DF41-1A92-F9752654445B" otype="FKIndexAssociation" vid_source="F5FE63B6-4F1C-96C6-5CFC-8E586A9FCAEC" vid_target="0B109BBB-3801-B8A3-67C8-D3084A0F0B65">
<hideElementsInCurrentOnly>false</hideElementsInCurrentOnly>
<backgroundColor>-16777216</backgroundColor>
<lineWidth>1</lineWidth>
<points>
<point x="485" y="830"/>
<point x="485" y="720"/>
</points>
</Connector>
<Connector class="oracle.dbtools.crest.swingui.relational.TVFKRelation" oid="6ACAB70E-138C-1CC1-1919-15DF4BAD66F2" otype="FKIndexAssociation" vid_source="D235D865-707D-C473-0E90-F24640475015" vid_target="0A3F0458-492A-A7F4-F223-3FC30D982FD8">
<hideElementsInCurrentOnly>false</hideElementsInCurrentOnly>
<backgroundColor>-16777216</backgroundColor>
<lineWidth>1</lineWidth>
<points>
<point x="470" y="615"/>
<point x="310" y="615"/>
</points>
</Connector>
<Connector class="oracle.dbtools.crest.swingui.relational.TVFKRelation" oid="70D6B994-8E43-84FD-AB95-D253A7399926" otype="FKIndexAssociation" vid_source="0B109BBB-3801-B8A3-67C8-D3084A0F0B65" vid_target="FF6E7B31-8F65-CFF9-7EFE-24354767E749">
<hideElementsInCurrentOnly>false</hideElementsInCurrentOnly>
<backgroundColor>-16777216</backgroundColor>
<lineWidth>1</lineWidth>
<points>
<point x="500" y="675"/>
<point x="340" y="675"/>
</points>
</Connector>
<Connector class="oracle.dbtools.crest.swingui.relational.TVFKRelation" oid="8909F63D-F813-8D32-E482-0E033DC7AE82" otype="FKIndexAssociation" vid_source="23BB2D63-4BA3-CADA-C203-20F5A5B56203" vid_target="9C7389ED-FC29-CBB6-03C9-B56CA273191D">
<hideElementsInCurrentOnly>false</hideElementsInCurrentOnly>
<backgroundColor>-16777216</backgroundColor>
<lineWidth>1</lineWidth>
<points>
<point x="520" y="715"/>
<point x="360" y="715"/>
</points>
</Connector>
<Connector class="oracle.dbtools.crest.swingui.relational.TVFKRelation" oid="97F69E75-DF16-C453-A2AC-65CA0AB4B67A" otype="FKIndexAssociation" vid_source="D235D865-707D-C473-0E90-F24640475015" vid_target="FF6E7B31-8F65-CFF9-7EFE-24354767E749">
<hideElementsInCurrentOnly>false</hideElementsInCurrentOnly>
<backgroundColor>-16777216</backgroundColor>
<lineWidth>1</lineWidth>
<points>
<point x="470" y="645"/>
<point x="340" y="645"/>
</points>
</Connector>
<Connector class="oracle.dbtools.crest.swingui.relational.TVFKRelation" oid="9C299730-DD11-4E82-E35E-7693EEF4C5BC" otype="FKIndexAssociation" vid_source="D235D865-707D-C473-0E90-F24640475015" vid_target="3BC968C7-ABA5-7FBB-F0BF-BBA3076FBA33">
<hideElementsInCurrentOnly>false</hideElementsInCurrentOnly>
<backgroundColor>-16777216</backgroundColor>
<lineWidth>1</lineWidth>
<points>
<point x="425" y="660"/>
<point x="425" y="710"/>
</points>
</Connector>
<Connector class="oracle.dbtools.crest.swingui.relational.TVFKRelation" oid="AB7499DB-4B2D-F5DA-E6E3-D6994F36C971" otype="FKIndexAssociation" vid_source="F5FE63B6-4F1C-96C6-5CFC-8E586A9FCAEC" vid_target="CD5DBF2A-085E-E88C-1982-CC3F604E3CDD">
<hideElementsInCurrentOnly>false</hideElementsInCurrentOnly>
<backgroundColor>-16777216</backgroundColor>
<lineWidth>1</lineWidth>
<points>
<point x="450" y="830"/>
<point x="450" y="640"/>
</points>
</Connector>
<Connector class="oracle.dbtools.crest.swingui.relational.TVFKRelation" oid="ABD9215D-ECF3-97B4-E061-801E4BA90BE6" otype="FKIndexAssociation" vid_source="84D8B1E6-1CB6-455E-C546-F76450E31FED" vid_target="0A3F0458-492A-A7F4-F223-3FC30D982FD8">
<hideElementsInCurrentOnly>false</hideElementsInCurrentOnly>
<backgroundColor>-16777216</backgroundColor>
<lineWidth>1</lineWidth>
</Connector>
<Connector class="oracle.dbtools.crest.swingui.relational.TVFKRelation" oid="CA775F0B-9C27-233D-281C-8C40F2D5B0C9" otype="FKIndexAssociation" vid_source="84D8B1E6-1CB6-455E-C546-F76450E31FED" vid_target="F5FE63B6-4F1C-96C6-5CFC-8E586A9FCAEC">
<hideElementsInCurrentOnly>false</hideElementsInCurrentOnly>
<backgroundColor>-16777216</backgroundColor>
<lineWidth>1</lineWidth>
<points>
<point x="580" y="870"/>
<point x="440" y="870"/>
</points>
</Connector>
<Connector class="oracle.dbtools.crest.swingui.relational.TVFKRelation" oid="D300EC05-573B-6226-F1C0-5AE1E96D033B" otype="FKIndexAssociation" vid_source="23BB2D63-4BA3-CADA-C203-20F5A5B56203" vid_target="0CABA757-45D8-419C-DB6F-0C94B160B64C">
<hideElementsInCurrentOnly>false</hideElementsInCurrentOnly>
<backgroundColor>-16777216</backgroundColor>
<lineWidth>1</lineWidth>
<points>
<point x="520" y="725"/>
<point x="370" y="725"/>
</points>
</Connector>
<Connector class="oracle.dbtools.crest.swingui.relational.TVFKRelation" oid="D90A3C78-DC8D-AFF3-9400-87E6DE091B68" otype="FKIndexAssociation" vid_source="D235D865-707D-C473-0E90-F24640475015" vid_target="0D8B83C6-6751-5F73-7CAC-05D1D5E3EFC4">
<hideElementsInCurrentOnly>false</hideElementsInCurrentOnly>
<backgroundColor>-16777216</backgroundColor>
<lineWidth>1</lineWidth>
<points>
<point x="470" y="625"/>
<point x="320" y="625"/>
</points>
</Connector>
<Connector class="oracle.dbtools.crest.swingui.relational.TVFKRelation" oid="DE02402C-DDD4-7CF0-AE1B-4454A980A357" otype="FKIndexAssociation" vid_source="D235D865-707D-C473-0E90-F24640475015" vid_target="7A4C4368-3D87-FF46-C591-FD33C8459225">
<hideElementsInCurrentOnly>false</hideElementsInCurrentOnly>
<backgroundColor>-16777216</backgroundColor>
<lineWidth>1</lineWidth>
<points>
<point x="435" y="660"/>
<point x="435" y="750"/>
</points>
</Connector>
<Connector class="oracle.dbtools.crest.swingui.relational.TVFKRelation" oid="F4291F4A-513F-59AD-430A-287A73193E94" otype="FKIndexAssociation" vid_source="84D8B1E6-1CB6-455E-C546-F76450E31FED" vid_target="0CABA757-45D8-419C-DB6F-0C94B160B64C">
<hideElementsInCurrentOnly>false</hideElementsInCurrentOnly>
<backgroundColor>-16777216</backgroundColor>
<lineWidth>1</lineWidth>
<points>
<point x="410" y="785"/>
<point x="540" y="785"/>
</points>
</Connector>
</connectors>
</Display>
</displays>
</Diagram>